,churn,prediction,probability
0,0,0.0,"[0.9113115296249085,0.08868847037509164]"
1,0,0.0,"[0.9154939746100166,0.08450602538998335]"
2,0,0.0,"[0.6743909286102941,0.3256090713897058]"
3,0,0.0,"[0.8062812557648975,0.1937187442351024]"
4,0,0.0,"[0.9068014879241709,0.09319851207582902]"
5,0,0.0,"[0.9148262456710083,0.08517375432899164]"
6,0,0.0,"[0.8533266198059912,0.14667338019400888]"
7,0,0.0,"[0.9249987952755866,0.07500120472441349]"
8,0,0.0,"[0.9686502890893331,0.031349710910666836]"
9,0,0.0,"[0.9757523939305502,0.02424760606944967]"
10,0,0.0,"[0.9638730243608082,0.03612697563919182]"
11,0,0.0,"[0.9528767325870644,0.04712326741293563]"
12,0,0.0,"[0.8962694657014025,0.1037305342985975]"
13,0,0.0,"[0.9607128508122379,0.03928714918776215]"
14,0,0.0,"[0.872298467155327,0.12770153284467306]"
15,0,0.0,"[0.8574202974329398,0.14257970256706026]"
16,0,0.0,"[0.951764641009867,0.04823535899013296]"
17,0,0.0,"[0.7281949666841665,0.2718050333158335]"
18,0,0.0,"[0.7491192615276143,0.25088073847238573]"
19,0,0.0,"[0.9236516788642091,0.07634832113579099]"
20,0,0.0,"[0.9591908912805297,0.04080910871947031]"
21,0,0.0,"[0.925299265001785,0.07470073499821497]"
22,0,0.0,"[0.9675790892079454,0.03242091079205445]"
23,0,0.0,"[0.9055016532747652,0.09449834672523479]"
24,0,0.0,"[0.9007332051642485,0.09926679483575161]"
25,0,0.0,"[0.640259463767443,0.3597405362325569]"
26,0,0.0,"[0.9711065175125912,0.028893482487408736]"
27,0,0.0,"[0.9554468614221482,0.044553138577851675]"
28,0,0.0,"[0.9440417372508648,0.05595826274913517]"
29,0,0.0,"[0.8264263561031348,0.17357364389686522]"
30,0,0.0,"[0.9365528285081801,0.06344717149181996]"
31,0,0.0,"[0.9068497414341542,0.09315025856584588]"
32,0,0.0,"[0.8549427323673264,0.14505726763267357]"
33,0,0.0,"[0.7414923540420975,0.2585076459579025]"
34,0,0.0,"[0.892973209736091,0.10702679026390914]"
35,0,0.0,"[0.8251228644807461,0.17487713551925385]"
36,1,0.0,"[0.9382131677189527,0.06178683228104744]"
37,0,0.0,"[0.9534953933977112,0.046504606602288806]"
38,0,0.0,"[0.8440198927457787,0.15598010725422123]"
39,1,0.0,"[0.8832048420540045,0.11679515794599546]"
40,1,0.0,"[0.5309367582753207,0.4690632417246793]"
41,0,0.0,"[0.990863536490628,0.009136463509372124]"
42,0,0.0,"[0.9291831385958618,0.07081686140413823]"
43,1,0.0,"[0.5320321654711916,0.4679678345288084]"
44,0,0.0,"[0.9437031459644796,0.05629685403552035]"
45,0,0.0,"[0.8505365552387879,0.14946344476121207]"
46,0,0.0,"[0.8779812101463326,0.12201878985366738]"
47,0,0.0,"[0.7951925025963993,0.20480749740360069]"
48,0,0.0,"[0.9428166120165525,0.05718338798344743]"
49,1,0.0,"[0.7881593815916442,0.21184061840835583]"
50,0,0.0,"[0.8680314002704195,0.13196859972958058]"
51,0,0.0,"[0.9736841186441104,0.026315881355889664]"
52,0,0.0,"[0.9340253734242279,0.06597462657577209]"
53,0,0.0,"[0.9388183342311106,0.06118166576888944]"
54,0,0.0,"[0.8395216794144109,0.160478320585589]"
55,0,0.0,"[0.9043741292227246,0.09562587077727544]"
56,0,0.0,"[0.9190482468494156,0.0809517531505844]"
57,0,0.0,"[0.8601595352957863,0.13984046470421377]"
58,0,0.0,"[0.9203471234857081,0.07965287651429183]"
59,0,0.0,"[0.7563905466130909,0.24360945338690904]"
60,0,0.0,"[0.9851201029382822,0.014879897061717749]"
61,0,0.0,"[0.9277096435006753,0.0722903564993247]"
62,1,0.0,"[0.6407282642011487,0.3592717357988513]"
63,0,0.0,"[0.9079528983801131,0.09204710161988694]"
64,0,0.0,"[0.9427539991937209,0.05724600080627912]"
65,0,0.0,"[0.9319657748544385,0.06803422514556144]"
66,0,0.0,"[0.9234930727690839,0.076506927230916]"
67,0,0.0,"[0.8074434844681293,0.19255651553187078]"
68,0,0.0,"[0.7196331979606446,0.2803668020393554]"
69,0,0.0,"[0.9465656804438668,0.053434319556133196]"
70,0,0.0,"[0.9365401945716183,0.06345980542838159]"
71,0,0.0,"[0.512721714710939,0.48727828528906103]"
72,0,0.0,"[0.8750658610954449,0.12493413890455494]"
73,0,0.0,"[0.9649055706823642,0.0350944293176357]"
74,0,0.0,"[0.9356482527885721,0.06435174721142786]"
75,0,0.0,"[0.9638139354326575,0.03618606456734247]"
76,1,0.0,"[0.9688009256065327,0.031199074393467238]"
77,0,0.0,"[0.9576237311541518,0.04237626884584827]"
78,0,0.0,"[0.9534613786034294,0.046538621396570556]"
79,0,0.0,"[0.8241764937021628,0.17582350629783708]"
80,1,0.0,"[0.8080953072072263,0.19190469279277356]"
81,0,0.0,"[0.9699136072287606,0.030086392771239406]"
82,0,0.0,"[0.6763729856177799,0.32362701438222]"
83,0,0.0,"[0.7070404136293631,0.2929595863706369]"
84,0,0.0,"[0.8517083206417048,0.14829167935829524]"
85,0,0.0,"[0.9833056928563425,0.01669430714365751]"
86,0,0.0,"[0.9242007153572577,0.07579928464274226]"
87,0,0.0,"[0.8745633610023582,0.12543663899764176]"
88,1,1.0,"[0.3349193385926738,0.6650806614073261]"
89,0,0.0,"[0.8967611038419223,0.10323889615807766]"
90,0,0.0,"[0.8046153546926416,0.19538464530735852]"
91,0,0.0,"[0.8841942528002952,0.11580574719970482]"
92,0,0.0,"[0.9856586723151918,0.0143413276848083]"
93,0,0.0,"[0.9092393005809225,0.09076069941907755]"
94,0,0.0,"[0.966425410001794,0.033574589998206]"
95,1,0.0,"[0.897465374076863,0.10253462592313703]"
96,0,0.0,"[0.9115548729659263,0.08844512703407369]"
97,0,0.0,"[0.8141394184439621,0.18586058155603782]"
98,0,0.0,"[0.985248157548188,0.014751842451812058]"
99,0,0.0,"[0.7517768460344709,0.24822315396552913]"
100,0,0.0,"[0.8158723239956247,0.18412767600437518]"
101,0,0.0,"[0.9563264468098495,0.04367355319015057]"
102,0,0.0,"[0.8802398705014091,0.11976012949859098]"
103,0,0.0,"[0.9424186104860585,0.05758138951394157]"
104,0,0.0,"[0.9794536809081681,0.020546319091831855]"
105,0,0.0,"[0.7613370855538434,0.23866291444615662]"
106,1,0.0,"[0.7538387440231971,0.24616125597680294]"
107,0,0.0,"[0.9050377435344448,0.09496225646555523]"
108,0,1.0,"[0.37884889439796715,0.6211511056020328]"
109,1,1.0,"[0.17231660995546888,0.8276833900445312]"
110,0,0.0,"[0.9204746445461431,0.07952535545385687]"
111,0,0.0,"[0.8928806866023702,0.10711931339762984]"
112,0,0.0,"[0.9613861588759882,0.03861384112401184]"
113,0,0.0,"[0.9119029702982805,0.08809702970171947]"
114,0,0.0,"[0.8709035868300564,0.12909641316994366]"
115,0,0.0,"[0.7952506901812265,0.20474930981877354]"
116,0,0.0,"[0.9528232378576037,0.047176762142396286]"
117,0,0.0,"[0.8971909625898248,0.10280903741017532]"
118,0,0.0,"[0.856763327421291,0.143236672578709]"
119,1,0.0,"[0.7789609005126329,0.22103909948736714]"
120,0,0.0,"[0.9105482089166549,0.08945179108334503]"
121,0,0.0,"[0.8990277732238614,0.10097222677613857]"
122,0,0.0,"[0.876156767428162,0.12384323257183803]"
123,0,0.0,"[0.9702784697772456,0.029721530222754367]"
124,1,0.0,"[0.617538261057028,0.38246173894297203]"
125,0,0.0,"[0.8307350351185834,0.1692649648814166]"
126,0,0.0,"[0.9395784425044591,0.06042155749554096]"
127,0,0.0,"[0.8673283466407729,0.1326716533592271]"
128,1,0.0,"[0.9101603518930473,0.08983964810695273]"
129,0,0.0,"[0.8578558782185913,0.14214412178140876]"
130,0,0.0,"[0.756111642951063,0.243888357048937]"
131,0,0.0,"[0.9314011794513675,0.06859882054863262]"
132,0,0.0,"[0.9352497565227506,0.06475024347724942]"
133,0,0.0,"[0.8571117166704177,0.1428882833295823]"
134,0,0.0,"[0.9243676971001829,0.07563230289981711]"
135,1,0.0,"[0.6610843466398366,0.3389156533601635]"
136,0,0.0,"[0.8413565090532225,0.15864349094677765]"
137,0,0.0,"[0.7121870439293336,0.2878129560706664]"
138,0,0.0,"[0.901831963664674,0.09816803633532598]"
139,0,0.0,"[0.9681860061766246,0.031813993823375346]"
140,0,0.0,"[0.9658735275517659,0.034126472448234024]"
141,0,0.0,"[0.9256235513562611,0.07437644864373893]"
142,0,0.0,"[0.9057419623256602,0.09425803767433989]"
143,0,0.0,"[0.7731194138734646,0.2268805861265353]"
144,0,0.0,"[0.9099278086639364,0.09007219133606355]"
145,0,0.0,"[0.6064705760385779,0.39352942396142215]"
146,0,0.0,"[0.9517892745785473,0.048210725421452695]"
147,0,0.0,"[0.8532727291468251,0.14672727085317494]"
148,0,0.0,"[0.9226120558341201,0.07738794416587991]"
149,1,0.0,"[0.7986565053900344,0.20134349460996562]"
150,0,0.0,"[0.9566452016588044,0.04335479834119571]"
151,0,0.0,"[0.8388047729140318,0.16119522708596817]"
152,0,0.0,"[0.8831221085697426,0.11687789143025733]"
153,1,1.0,"[0.3039609134700989,0.696039086529901]"
154,1,0.0,"[0.6595070276670688,0.3404929723329313]"
155,0,0.0,"[0.8689554474183409,0.13104455258165917]"
156,0,0.0,"[0.7988409065215895,0.20115909347841052]"
157,0,0.0,"[0.8816531592584245,0.11834684074157555]"
158,0,0.0,"[0.9557804048182065,0.04421959518179347]"
159,0,0.0,"[0.6514047044084152,0.34859529559158475]"
160,0,0.0,"[0.9613702368565034,0.038629763143496657]"
161,1,0.0,"[0.875899073632138,0.12410092636786206]"
162,0,0.0,"[0.8078999183111415,0.19210008168885848]"
163,0,0.0,"[0.5885061488693049,0.4114938511306952]"
164,0,0.0,"[0.6029762588550889,0.39702374114491107]"
165,1,0.0,"[0.9228794392193856,0.07712056078061441]"
166,0,0.0,"[0.9384011230121526,0.06159887698784743]"
167,0,0.0,"[0.9839109100907312,0.016089089909268835]"
168,0,0.0,"[0.9243544199120336,0.07564558008796651]"
169,0,0.0,"[0.8702081824428329,0.12979181755716712]"
170,0,0.0,"[0.9647286904342862,0.03527130956571378]"
171,0,0.0,"[0.8988605975102799,0.10113940248972009]"
172,0,0.0,"[0.8567110409164267,0.14328895908357334]"
173,0,0.0,"[0.8368351521726097,0.16316484782739032]"
174,0,0.0,"[0.9415034140062785,0.05849658599372154]"
175,0,0.0,"[0.8590761363004992,0.14092386369950088]"
176,0,0.0,"[0.7611723724762756,0.23882762752372444]"
177,0,0.0,"[0.9023541157098867,0.0976458842901134]"
178,0,0.0,"[0.727724725621834,0.272275274378166]"
179,0,0.0,"[0.9835792524080547,0.016420747591945364]"
180,0,0.0,"[0.9734056330222025,0.026594366977797518]"
181,0,0.0,"[0.925305545065328,0.07469445493467201]"
182,0,0.0,"[0.8734292021314362,0.1265707978685638]"
183,0,0.0,"[0.9831228871127552,0.016877112887244788]"
184,0,0.0,"[0.8010429995671265,0.19895700043287343]"
185,0,0.0,"[0.5184810876519724,0.48151891234802763]"
186,0,0.0,"[0.78340088744828,0.21659911255172004]"
187,0,0.0,"[0.8903098566529328,0.10969014334706723]"
188,0,0.0,"[0.9053971863281217,0.09460281367187824]"
189,0,0.0,"[0.9191374017986274,0.08086259820137263]"
190,0,0.0,"[0.9833219122780281,0.016678087721971956]"
191,0,0.0,"[0.9818481852482569,0.018151814751743066]"
192,1,0.0,"[0.519202786187771,0.480797213812229]"
193,0,0.0,"[0.8309909406036422,0.1690090593963578]"
194,0,0.0,"[0.9238579937133738,0.07614200628662618]"
195,0,0.0,"[0.9633813812111426,0.03661861878885735]"
196,0,0.0,"[0.8363095692763105,0.1636904307236896]"
197,0,0.0,"[0.64306082254587,0.35693917745413]"
198,0,0.0,"[0.9688521581443738,0.03114784185562625]"
199,0,0.0,"[0.7240386142384485,0.27596138576155155]"
200,0,0.0,"[0.9825098417917244,0.01749015820827562]"
201,0,0.0,"[0.9624518966681737,0.03754810333182639]"
202,0,0.0,"[0.9738761296137772,0.026123870386222832]"
203,0,0.0,"[0.9696358448458321,0.030364155154167894]"
204,0,0.0,"[0.7060562934355246,0.29394370656447544]"
205,0,0.0,"[0.9304876564725864,0.06951234352741369]"
206,0,0.0,"[0.9552181235724159,0.044781876427584244]"
207,1,1.0,"[0.4756190189635252,0.5243809810364748]"
208,0,0.0,"[0.9213563862618314,0.07864361373816851]"
209,0,0.0,"[0.9350542074037129,0.06494579259628717]"
210,0,0.0,"[0.9806144938194024,0.01938550618059757]"
211,0,0.0,"[0.9311900662658079,0.06880993373419207]"
212,0,0.0,"[0.9203745468049633,0.07962545319503676]"
213,1,0.0,"[0.7333152085299228,0.2666847914700772]"
214,0,0.0,"[0.8793775731934886,0.12062242680651147]"
215,1,0.0,"[0.748323291307221,0.2516767086927791]"
216,1,0.0,"[0.8084569302313493,0.19154306976865068]"
217,0,0.0,"[0.8362268088903475,0.16377319110965255]"
218,1,0.0,"[0.946573194817905,0.05342680518209501]"
219,0,0.0,"[0.8841944160086913,0.11580558399130868]"
220,0,0.0,"[0.732960377779399,0.26703962222060096]"
221,1,0.0,"[0.8304373131449817,0.16956268685501827]"
222,1,0.0,"[0.6946514698450422,0.3053485301549578]"
223,0,0.0,"[0.8074449686016637,0.19255503139833635]"
224,0,0.0,"[0.9461867232391119,0.053813276760887936]"
225,0,0.0,"[0.9458011082020378,0.054198891797962105]"
226,0,0.0,"[0.9275160403936985,0.07248395960630148]"
227,0,0.0,"[0.7043206821963338,0.29567931780366624]"
228,0,0.0,"[0.7161295797687055,0.2838704202312946]"
229,0,0.0,"[0.9421888711344055,0.05781112886559452]"
230,0,0.0,"[0.7757235697465628,0.22427643025343733]"
231,0,0.0,"[0.6308833611867688,0.36911663881323126]"
232,0,0.0,"[0.7685529581686845,0.23144704183131534]"
233,0,0.0,"[0.8776618067148111,0.12233819328518901]"
234,0,0.0,"[0.8794701470060838,0.12052985299391612]"
235,0,0.0,"[0.9438306242052589,0.056169375794741]"
236,0,0.0,"[0.8902420516904955,0.10975794830950443]"
237,0,0.0,"[0.9403976801774567,0.059602319822543375]"
238,0,0.0,"[0.7651659018391621,0.23483409816083786]"
239,0,0.0,"[0.8687449817768302,0.13125501822316968]"
240,0,0.0,"[0.8731423310616139,0.12685766893838601]"
241,0,0.0,"[0.910291232355277,0.08970876764472296]"
242,0,0.0,"[0.9578780765016367,0.0421219234983634]"
243,0,0.0,"[0.8799137726374436,0.12008622736255647]"
244,0,0.0,"[0.840264471848578,0.15973552815142197]"
245,0,0.0,"[0.9736267030825885,0.0263732969174114]"
246,0,0.0,"[0.932367516271301,0.067632483728699]"
247,0,0.0,"[0.9157984404757539,0.08420155952424623]"
248,0,0.0,"[0.8649029863398303,0.13509701366016968]"
249,0,0.0,"[0.9803286878634941,0.01967131213650575]"
250,0,0.0,"[0.8842080232071522,0.1157919767928479]"
251,0,0.0,"[0.9096851404945925,0.09031485950540757]"
252,1,0.0,"[0.7947449317745369,0.20525506822546313]"
253,0,0.0,"[0.7706814748027042,0.22931852519729573]"
254,1,0.0,"[0.8436220082888204,0.15637799171117964]"
255,0,0.0,"[0.9278078132768187,0.07219218672318126]"
256,0,0.0,"[0.8234851830493528,0.17651481695064716]"
257,0,0.0,"[0.9510145806599009,0.0489854193400992]"
258,0,0.0,"[0.98311533759391,0.016884662406089972]"
259,0,0.0,"[0.8673312345288676,0.13266876547113232]"
260,0,0.0,"[0.8278440132991252,0.17215598670087484]"
261,0,0.0,"[0.8878156628493348,0.11218433715066525]"
262,1,1.0,"[0.35091131449902346,0.6490886855009765]"
263,0,0.0,"[0.6721323814091795,0.32786761859082053]"
264,0,0.0,"[0.9080086964963694,0.09199130350363065]"
265,0,0.0,"[0.9695133688160161,0.030486631183983877]"
266,0,0.0,"[0.8060616486425571,0.19393835135744283]"
267,0,0.0,"[0.8800055790794765,0.11999442092052338]"
268,1,0.0,"[0.9600531535827268,0.039946846417273175]"
269,0,0.0,"[0.8590115411972484,0.14098845880275154]"
270,0,0.0,"[0.915530469362084,0.08446953063791608]"
271,1,0.0,"[0.7270415888288234,0.27295841117117664]"
272,0,0.0,"[0.9345764164600396,0.06542358353996043]"
273,0,0.0,"[0.8009104143118869,0.19908958568811314]"
274,0,0.0,"[0.8013720466893259,0.198627953310674]"
275,1,0.0,"[0.7683451738524223,0.23165482614757765]"
276,0,0.0,"[0.7248779271791753,0.2751220728208246]"
277,0,0.0,"[0.8965589419353913,0.10344105806460867]"
278,0,0.0,"[0.8794675288797184,0.12053247112028162]"
279,0,0.0,"[0.8923639586533805,0.10763604134661953]"
280,1,0.0,"[0.671051633009593,0.32894836699040697]"
281,1,0.0,"[0.9062345086354013,0.09376549136459873]"
282,0,0.0,"[0.9105937909659939,0.08940620903400606]"
283,1,0.0,"[0.5789918597194309,0.4210081402805691]"
284,1,0.0,"[0.7383667599454087,0.2616332400545913]"
285,0,0.0,"[0.9182448377617084,0.0817551622382917]"
286,0,0.0,"[0.9588314771452954,0.04116852285470466]"
287,0,0.0,"[0.7216247100405414,0.2783752899594587]"
288,0,0.0,"[0.706409496376796,0.293590503623204]"
289,0,0.0,"[0.9544327416238447,0.04556725837615527]"
290,0,0.0,"[0.6331540204746205,0.3668459795253794]"
291,0,0.0,"[0.844920928970993,0.15507907102900703]"
292,0,0.0,"[0.8728809658908139,0.12711903410918618]"
293,0,0.0,"[0.9846892724899504,0.015310727510049704]"
294,0,0.0,"[0.8778567296888898,0.12214327031111015]"
295,1,0.0,"[0.6683006597343368,0.33169934026566317]"
296,0,0.0,"[0.9488592579568685,0.05114074204313144]"
297,1,0.0,"[0.7808829121466883,0.21911708785331183]"
298,0,0.0,"[0.8941445695759336,0.10585543042406638]"
299,0,0.0,"[0.8910991478479141,0.10890085215208592]"
300,0,0.0,"[0.9725072899266681,0.027492710073331993]"
301,0,0.0,"[0.7622939180572665,0.2377060819427335]"
302,0,0.0,"[0.8077988851070912,0.19220111489290873]"
303,0,0.0,"[0.9928361003912688,0.007163899608731338]"
304,0,0.0,"[0.8836015568520691,0.11639844314793092]"
305,1,0.0,"[0.7786699671691153,0.22133003283088476]"
306,0,0.0,"[0.8946293081886263,0.10537069181137368]"
307,0,0.0,"[0.7839955580791095,0.2160044419208906]"
308,0,0.0,"[0.9516071900231872,0.04839280997681281]"
309,0,0.0,"[0.7305324993419613,0.26946750065803865]"
310,0,1.0,"[0.4193625413790446,0.5806374586209554]"
311,0,0.0,"[0.9883330365455592,0.011666963454440848]"
312,0,0.0,"[0.8906768826756036,0.1093231173243964]"
313,0,0.0,"[0.9792491304590044,0.02075086954099552]"
314,0,0.0,"[0.9126572214746614,0.0873427785253385]"
315,0,0.0,"[0.5951520041510381,0.404847995848962]"
316,0,0.0,"[0.6983085246055405,0.3016914753944595]"
317,0,0.0,"[0.8435402757546149,0.1564597242453852]"
318,0,0.0,"[0.8310406671948282,0.1689593328051718]"
319,0,0.0,"[0.9408839541801239,0.059116045819876124]"
320,0,0.0,"[0.9074660392460911,0.09253396075390892]"
321,0,0.0,"[0.8733005226148506,0.12669947738514944]"
322,0,1.0,"[0.24875117963877458,0.7512488203612254]"
323,1,1.0,"[0.4503930469278928,0.5496069530721073]"
324,0,0.0,"[0.9753488172006283,0.024651182799371677]"
325,0,0.0,"[0.6576588907189532,0.34234110928104683]"
326,1,0.0,"[0.7626000739646789,0.2373999260353211]"
327,0,0.0,"[0.9172180929780901,0.08278190702190992]"
328,0,0.0,"[0.9585176126040629,0.04148238739593724]"
329,0,0.0,"[0.8696497444234084,0.13035025557659174]"
330,0,0.0,"[0.869270469538899,0.13072953046110106]"
331,0,0.0,"[0.9433748090838779,0.056625190916121906]"
332,1,0.0,"[0.8356665477607111,0.16433345223928886]"
333,0,0.0,"[0.9100724540580972,0.08992754594190275]"
334,1,1.0,"[0.4903508594890934,0.5096491405109066]"
335,0,0.0,"[0.9252404148447381,0.07475958515526185]"
336,0,0.0,"[0.8859330912668718,0.11406690873312819]"
337,0,0.0,"[0.8776389373037661,0.1223610626962338]"
338,0,0.0,"[0.889811447485732,0.11018855251426797]"
339,0,0.0,"[0.9579708415222337,0.04202915847776632]"
340,0,0.0,"[0.8982039002969119,0.10179609970308817]"
341,0,0.0,"[0.9812727920680094,0.01872720793199051]"
342,1,0.0,"[0.5700893577508762,0.42991064224912373]"
343,0,0.0,"[0.9414133792622604,0.05858662073773966]"
344,0,0.0,"[0.8227086102820408,0.17729138971795927]"
345,0,0.0,"[0.9157381426966863,0.08426185730331368]"
346,0,0.0,"[0.957978465462104,0.04202153453789604]"
347,0,0.0,"[0.7986993019120258,0.20130069808797416]"
348,1,0.0,"[0.7933763861991694,0.20662361380083064]"
349,0,0.0,"[0.8244641432200334,0.17553585677996664]"
350,0,0.0,"[0.9481421937061454,0.05185780629385473]"
351,0,0.0,"[0.9305531419360284,0.06944685806397141]"
352,0,0.0,"[0.9581206908835053,0.04187930911649472]"
353,1,0.0,"[0.5942458074114176,0.4057541925885825]"
354,0,0.0,"[0.8565539129140567,0.14344608708594317]"
355,1,0.0,"[0.7233430959763004,0.2766569040236996]"
356,0,0.0,"[0.7376547652004197,0.26234523479958016]"
357,0,0.0,"[0.8568286668144411,0.14317133318555889]"
358,0,0.0,"[0.8839402623944482,0.11605973760555179]"
359,1,1.0,"[0.20486749893200168,0.7951325010679983]"
360,0,0.0,"[0.9704013581738804,0.029598641826119588]"
361,0,0.0,"[0.9160173254345485,0.08398267456545147]"
362,0,0.0,"[0.8833625957915394,0.11663740420846051]"
363,0,0.0,"[0.9265950390526073,0.0734049609473927]"
364,0,0.0,"[0.8326716675763146,0.16732833242368542]"
365,0,0.0,"[0.9688577218689401,0.03114227813105983]"
366,0,0.0,"[0.9485503917630228,0.05144960823697717]"
367,0,1.0,"[0.4804517546569278,0.5195482453430722]"
368,0,0.0,"[0.9871995340070645,0.012800465992935545]"
369,1,0.0,"[0.8676388772810822,0.1323611227189177]"
370,0,0.0,"[0.8763741385991086,0.1236258614008914]"
371,0,0.0,"[0.9679623173209937,0.03203768267900633]"
372,0,0.0,"[0.9679977350437152,0.032002264956284714]"
373,0,0.0,"[0.7894220489729735,0.21057795102702648]"
374,0,0.0,"[0.7944251458095016,0.2055748541904984]"
375,0,0.0,"[0.7265885849545513,0.2734114150454488]"
376,0,0.0,"[0.8804616110674709,0.11953838893252904]"
377,0,0.0,"[0.9201329680362196,0.07986703196378038]"
378,0,0.0,"[0.9512519106011431,0.04874808939885694]"
379,0,0.0,"[0.8533593474739509,0.14664065252604902]"
380,0,0.0,"[0.8896169147242243,0.11038308527577569]"
381,0,0.0,"[0.8451907773346661,0.15480922266533392]"
382,0,0.0,"[0.8970973183854878,0.1029026816145121]"
383,0,0.0,"[0.9745549859561253,0.02544501404387473]"
384,1,0.0,"[0.8742889263187532,0.1257110736812467]"
385,0,0.0,"[0.8979764798652056,0.10202352013479445]"
386,0,0.0,"[0.9209255357833452,0.0790744642166547]"
387,0,0.0,"[0.8728488441355009,0.1271511558644991]"
388,0,0.0,"[0.8249347660813473,0.17506523391865272]"
389,0,0.0,"[0.9128367465674578,0.08716325343254215]"
390,0,0.0,"[0.9121545604375128,0.0878454395624873]"
391,0,0.0,"[0.9556436053680817,0.04435639463191838]"
392,0,0.0,"[0.9176065915669713,0.08239340843302859]"
393,0,0.0,"[0.6601609962142565,0.3398390037857435]"
394,0,0.0,"[0.8719738298838857,0.12802617011611425]"
395,0,0.0,"[0.9908973907376645,0.009102609262335646]"
396,0,0.0,"[0.9578684715961708,0.042131528403829145]"
397,0,0.0,"[0.9112003874916257,0.08879961250837433]"
398,0,0.0,"[0.903512776525368,0.09648722347463204]"
399,0,0.0,"[0.9379887226485321,0.06201127735146797]"
400,1,0.0,"[0.8051470820477329,0.19485291795226703]"
401,0,0.0,"[0.5959898663254972,0.4040101336745028]"
402,0,0.0,"[0.9501400700037032,0.04985992999629692]"
403,0,0.0,"[0.8187225429757211,0.18127745702427892]"
404,0,0.0,"[0.7815874599878578,0.21841254001214214]"
405,1,0.0,"[0.8822453260092651,0.11775467399073487]"
406,0,0.0,"[0.8768430870034247,0.12315691299657537]"
407,0,0.0,"[0.8883820816580813,0.11161791834191881]"
408,0,0.0,"[0.8981857544360751,0.10181424556392492]"
409,0,0.0,"[0.9844309057927568,0.015569094207243204]"
410,0,0.0,"[0.9774643887773412,0.022535611222658663]"
411,0,0.0,"[0.9309965596560134,0.06900344034398657]"
412,0,0.0,"[0.9557088501984513,0.04429114980154865]"
413,1,0.0,"[0.8218766497143212,0.1781233502856787]"
414,0,0.0,"[0.9461324585022328,0.053867541497767304]"
415,0,0.0,"[0.8191860109766264,0.18081398902337367]"
416,0,0.0,"[0.7174455824052531,0.2825544175947468]"
417,0,0.0,"[0.8986195768484923,0.10138042315150772]"
418,0,1.0,"[0.30074004808108146,0.6992599519189185]"
419,0,0.0,"[0.8811485590934255,0.11885144090657443]"
420,0,0.0,"[0.8352730395631985,0.1647269604368014]"
421,1,1.0,"[0.4958453949049869,0.5041546050950131]"
422,0,0.0,"[0.9709010115503943,0.029098988449605664]"
423,0,0.0,"[0.9023551691677433,0.0976448308322568]"
424,0,0.0,"[0.9598619142080738,0.04013808579192635]"
425,0,0.0,"[0.8525268295266476,0.14747317047335243]"
426,0,0.0,"[0.7788986791117336,0.22110132088826637]"
427,0,0.0,"[0.9248817960551401,0.07511820394485984]"
428,0,0.0,"[0.8957113867549504,0.10428861324504946]"
429,0,0.0,"[0.8031410342746751,0.19685896572532485]"
430,0,0.0,"[0.8847925041188993,0.11520749588110057]"
431,0,0.0,"[0.9100245455838522,0.08997545441614796]"
432,0,0.0,"[0.5768982463434412,0.42310175365655883]"
433,0,0.0,"[0.9650506381914219,0.03494936180857815]"
434,0,0.0,"[0.8119517857479637,0.18804821425203627]"
435,0,0.0,"[0.9137895342783363,0.08621046572166363]"
436,1,0.0,"[0.9496276527701675,0.050372347229832574]"
437,0,0.0,"[0.7406659285898333,0.2593340714101668]"
438,0,0.0,"[0.8525454079273977,0.14745459207260214]"
439,0,0.0,"[0.8621523771240298,0.13784762287597016]"
440,0,0.0,"[0.8695518955672723,0.1304481044327277]"
441,0,0.0,"[0.8473060621727487,0.1526939378272514]"
442,0,0.0,"[0.9781002394917616,0.021899760508238435]"
443,0,0.0,"[0.8807897225700194,0.11921027742998055]"
444,0,0.0,"[0.9676638261666968,0.032336173833303214]"
445,0,0.0,"[0.9818567074960105,0.018143292503989446]"
446,0,0.0,"[0.9915662845678015,0.008433715432198608]"
447,0,0.0,"[0.9129590298399805,0.08704097016001952]"
448,0,0.0,"[0.7534632221246781,0.24653677787532188]"
449,0,0.0,"[0.954551700725722,0.04544829927427789]"
450,0,0.0,"[0.9513198056134861,0.04868019438651395]"
451,0,0.0,"[0.8857085720373635,0.11429142796263649]"
452,0,0.0,"[0.8324677991417454,0.16753220085825465]"
453,0,0.0,"[0.9359924325480988,0.06400756745190118]"
454,0,0.0,"[0.588982920515014,0.41101707948498606]"
455,0,0.0,"[0.9151061747855704,0.0848938252144296]"
456,0,0.0,"[0.9353553741791071,0.06464462582089293]"
457,0,0.0,"[0.9859242377779116,0.014075762222088554]"
458,0,0.0,"[0.8988895744665613,0.1011104255334386]"
459,1,0.0,"[0.9556135926131571,0.04438640738684283]"
460,0,0.0,"[0.9431357579583407,0.056864242041659345]"
461,0,0.0,"[0.9178170473663427,0.08218295263365734]"
462,0,0.0,"[0.9535104203395595,0.046489579660440525]"
463,0,0.0,"[0.8748206255395387,0.12517937446046143]"
464,0,0.0,"[0.9334749521491793,0.0665250478508206]"
465,0,0.0,"[0.81445243265009,0.1855475673499099]"
466,0,0.0,"[0.965868558472489,0.03413144152751102]"
467,0,0.0,"[0.6906376481019333,0.30936235189806677]"
468,0,0.0,"[0.9125131509911275,0.08748684900887235]"
469,0,0.0,"[0.734795227832386,0.26520477216761396]"
470,1,0.0,"[0.9090016939422055,0.09099830605779444]"
471,0,0.0,"[0.8349695479818875,0.1650304520181125]"
472,0,0.0,"[0.9079204305352775,0.09207956946472255]"
473,0,0.0,"[0.9352155423705999,0.06478445762940008]"
474,0,0.0,"[0.9284111190272891,0.07158888097271086]"
475,0,0.0,"[0.7267232490526935,0.2732767509473065]"
476,0,0.0,"[0.574326534753046,0.425673465246954]"
477,0,0.0,"[0.9456127376809942,0.05438726231900574]"
478,0,0.0,"[0.8061757590740428,0.19382424092595726]"
479,0,0.0,"[0.9353115645605617,0.06468843543943831]"
480,0,0.0,"[0.8139285341818474,0.1860714658181526]"
481,0,0.0,"[0.9020667271203219,0.09793327287967807]"
482,0,0.0,"[0.883533372553788,0.11646662744621204]"
483,0,0.0,"[0.9193289545275425,0.0806710454724576]"
484,0,0.0,"[0.8220912737510079,0.17790872624899207]"
485,0,0.0,"[0.90305841131762,0.0969415886823801]"
486,0,0.0,"[0.7674443427155143,0.23255565728448574]"
487,0,0.0,"[0.766394682838542,0.2336053171614581]"
488,0,0.0,"[0.9407274674773376,0.05927253252266234]"
489,1,0.0,"[0.7156497605182875,0.2843502394817125]"
490,0,0.0,"[0.9204141242690822,0.0795858757309177]"
491,0,0.0,"[0.8087474008186397,0.19125259918136034]"
492,0,0.0,"[0.8100353683472373,0.18996463165276262]"
493,0,0.0,"[0.9919123305898291,0.008087669410170866]"
494,0,0.0,"[0.9188442001304824,0.08115579986951761]"
495,0,0.0,"[0.9275568545718449,0.07244314542815512]"
496,0,0.0,"[0.9606734154610754,0.03932658453892456]"
497,0,0.0,"[0.8515355103710016,0.14846448962899847]"
498,0,0.0,"[0.7760825550079359,0.22391744499206412]"
499,0,0.0,"[0.8277870685691324,0.17221293143086758]"
500,0,0.0,"[0.9511135382021394,0.04888646179786072]"
501,0,0.0,"[0.9412575621372953,0.05874243786270474]"
502,0,0.0,"[0.883572748719271,0.11642725128072891]"
503,0,0.0,"[0.5546650236941073,0.4453349763058926]"
504,0,0.0,"[0.7808216504090891,0.21917834959091093]"
505,0,0.0,"[0.9796621717465592,0.02033782825344083]"
506,0,0.0,"[0.8443878949957512,0.15561210500424882]"
507,0,0.0,"[0.929156442988755,0.07084355701124506]"
508,1,0.0,"[0.8847093713190536,0.11529062868094637]"
509,0,0.0,"[0.6134180073242609,0.38658199267573917]"
510,0,0.0,"[0.9287023039214559,0.07129769607854405]"
511,0,0.0,"[0.9497818753594309,0.050218124640569094]"
512,0,0.0,"[0.9280447618004093,0.07195523819959075]"
513,0,0.0,"[0.9410246057830359,0.058975394216964024]"
514,1,0.0,"[0.8291033118613804,0.1708966881386195]"
515,0,0.0,"[0.9700429413621371,0.029957058637862802]"
516,0,0.0,"[0.9042759613091508,0.09572403869084925]"
517,0,0.0,"[0.9000948116481007,0.09990518835189931]"
518,1,0.0,"[0.7995822138943222,0.20041778610567784]"
519,1,0.0,"[0.6987331590278476,0.30126684097215234]"
520,0,0.0,"[0.9572203448958132,0.042779655104186735]"
521,1,0.0,"[0.8387574083551051,0.16124259164489485]"
522,0,0.0,"[0.9398802709319325,0.06011972906806764]"
523,0,0.0,"[0.9266779739863801,0.07332202601361994]"
524,0,0.0,"[0.8888008520306386,0.11119914796936142]"
525,0,0.0,"[0.9938673135009786,0.006132686499021358]"
526,0,0.0,"[0.9819630265923954,0.018036973407604698]"
527,0,0.0,"[0.7661222008491487,0.23387779915085127]"
528,0,0.0,"[0.8812359687514166,0.11876403124858324]"
529,0,0.0,"[0.9526712300570042,0.04732876994299586]"
530,0,0.0,"[0.9769236040319053,0.023076395968094725]"
531,0,0.0,"[0.7463944124431837,0.2536055875568163]"
532,0,0.0,"[0.896665599724563,0.10333440027543705]"
533,0,0.0,"[0.9339497879723683,0.06605021202763167]"
534,0,0.0,"[0.9066902972805707,0.09330970271942923]"
535,1,0.0,"[0.6383535389386839,0.3616464610613161]"
536,0,0.0,"[0.9249071311883286,0.07509286881167136]"
537,0,0.0,"[0.8270704931431788,0.1729295068568211]"
538,0,0.0,"[0.8151176073489169,0.18488239265108314]"
539,0,0.0,"[0.8965346118628753,0.10346538813712468]"
540,1,0.0,"[0.7813741979807152,0.21862580201928478]"
541,0,0.0,"[0.9189615227195904,0.0810384772804095]"
542,0,0.0,"[0.9241166131560454,0.07588338684395451]"
543,0,0.0,"[0.6714623435621911,0.32853765643780886]"
544,0,0.0,"[0.9487432151282009,0.051256784871799056]"
545,0,0.0,"[0.9893804175128922,0.010619582487107732]"
546,0,0.0,"[0.7437853641638434,0.25621463583615656]"
547,0,0.0,"[0.9393540185082612,0.060645981491738755]"
548,0,0.0,"[0.821601608284455,0.17839839171554495]"
549,0,0.0,"[0.957104957762711,0.04289504223728894]"
550,0,0.0,"[0.8068645828761234,0.19313541712387655]"
551,0,0.0,"[0.8478825700037657,0.1521174299962344]"
552,0,0.0,"[0.8597078096464632,0.1402921903535368]"
553,0,0.0,"[0.8998974809902309,0.10010251900976913]"
554,0,0.0,"[0.9376810464210271,0.062318953578972824]"
555,0,0.0,"[0.8899129146562973,0.11008708534370275]"
556,0,0.0,"[0.8843828813253863,0.11561711867461365]"
557,0,0.0,"[0.9029351920691905,0.09706480793080942]"
558,0,0.0,"[0.9323729135352449,0.06762708646475507]"
559,0,0.0,"[0.8568074859487214,0.14319251405127864]"
560,0,0.0,"[0.9503040835341571,0.04969591646584293]"
561,0,0.0,"[0.8895571496464275,0.11044285035357239]"
562,0,0.0,"[0.9331863826588527,0.06681361734114734]"
563,0,0.0,"[0.9687216701370189,0.03127832986298112]"
564,0,0.0,"[0.9575806888361127,0.0424193111638874]"
565,0,0.0,"[0.8054551158184329,0.19454488418156718]"
566,0,0.0,"[0.8600288299052201,0.13997117009477988]"
567,0,0.0,"[0.8119932653859491,0.18800673461405099]"
568,1,0.0,"[0.5026090072243737,0.49739099277562626]"
569,0,0.0,"[0.8406994371157067,0.15930056288429317]"
570,0,0.0,"[0.90843261082363,0.09156738917637001]"
571,0,0.0,"[0.9610091651123528,0.0389908348876471]"
572,0,0.0,"[0.841499731231325,0.15850026876867498]"
573,0,0.0,"[0.8005373389998816,0.19946266100011845]"
574,0,0.0,"[0.8981721094309582,0.10182789056904183]"
575,0,0.0,"[0.7431531514817027,0.25684684851829737]"
576,1,0.0,"[0.9185658190214212,0.0814341809785789]"
577,0,0.0,"[0.9527083870690123,0.04729161293098759]"
578,0,0.0,"[0.9120656884453288,0.08793431155467119]"
579,0,0.0,"[0.818811844239607,0.18118815576039293]"
580,0,0.0,"[0.9199351152572386,0.08006488474276154]"
581,0,0.0,"[0.9095109914162218,0.09048900858377812]"
582,0,0.0,"[0.897296184979804,0.10270381502019603]"
583,1,0.0,"[0.535611340263553,0.46438865973644705]"
584,0,0.0,"[0.842360414900424,0.15763958509957593]"
585,0,1.0,"[0.466284141292311,0.5337158587076889]"
586,0,0.0,"[0.9705573733736534,0.02944262662634642]"
587,0,0.0,"[0.5433577337680183,0.4566422662319817]"
588,0,0.0,"[0.8299565355406547,0.17004346445934515]"
589,0,0.0,"[0.9805226535901171,0.019477346409882877]"
590,0,0.0,"[0.8925914594023787,0.1074085405976213]"
591,0,0.0,"[0.9178877350934532,0.08211226490654684]"
592,0,0.0,"[0.894876211302124,0.10512378869787593]"
593,0,0.0,"[0.8392723496092396,0.16072765039076034]"
594,0,0.0,"[0.9216844187712745,0.0783155812287256]"
595,0,0.0,"[0.9287069195449905,0.07129308045500941]"
596,0,0.0,"[0.6856033398591106,0.3143966601408893]"
597,0,0.0,"[0.7479553049735871,0.25204469502641297]"
598,1,0.0,"[0.5773150329821954,0.42268496701780456]"
599,1,0.0,"[0.9835498558520489,0.0164501441479511]"
600,0,0.0,"[0.9701793995254723,0.029820600474527635]"
601,0,0.0,"[0.9178132249701088,0.08218677502989133]"
602,0,0.0,"[0.9590703927553911,0.0409296072446089]"
603,0,0.0,"[0.9848122088474826,0.015187791152517349]"
604,0,0.0,"[0.8992750200950039,0.10072497990499604]"
605,0,0.0,"[0.9942870823399048,0.005712917660095086]"
606,0,0.0,"[0.7270527505900977,0.27294724940990245]"
607,0,0.0,"[0.9250235644582182,0.07497643554178177]"
608,0,0.0,"[0.8466775467026062,0.15332245329739375]"
609,0,0.0,"[0.7657391609692966,0.2342608390307035]"
610,0,0.0,"[0.9242365914022133,0.07576340859778682]"
611,0,0.0,"[0.8698745948481166,0.13012540515188348]"
612,0,0.0,"[0.8589496580091742,0.14105034199082572]"
613,0,0.0,"[0.9367183958129427,0.0632816041870572]"
614,0,0.0,"[0.8989125146320998,0.10108748536790015]"
615,0,0.0,"[0.8834104590362077,0.11658954096379229]"
616,0,0.0,"[0.7987885195194121,0.20121148048058798]"
617,0,0.0,"[0.9344429379261686,0.06555706207383134]"
618,0,0.0,"[0.9235523304127496,0.07644766958725034]"
619,0,0.0,"[0.9316605210559997,0.06833947894400033]"
620,0,0.0,"[0.7925548764457218,0.20744512355427816]"
621,1,1.0,"[0.41081938751896646,0.5891806124810336]"
622,0,0.0,"[0.8781995111417977,0.12180048885820222]"
623,0,0.0,"[0.9431359768460426,0.056864023153957326]"
624,0,0.0,"[0.8741069772413353,0.1258930227586646]"
625,0,0.0,"[0.9600070267486861,0.03999297325131396]"
626,0,0.0,"[0.9418981744861733,0.05810182551382666]"
627,0,0.0,"[0.8616740372460431,0.138325962753957]"
628,1,0.0,"[0.722589281334241,0.2774107186657589]"
629,0,0.0,"[0.768024840669245,0.23197515933075494]"
630,0,0.0,"[0.8978387350999721,0.10216126490002785]"
631,0,0.0,"[0.8383753941077884,0.1616246058922116]"
632,0,0.0,"[0.8700692538724402,0.12993074612755975]"
633,1,1.0,"[0.31904114349426854,0.6809588565057314]"
634,0,0.0,"[0.8777553365446319,0.12224466345536815]"
635,0,0.0,"[0.7596145126121965,0.24038548738780346]"
636,0,0.0,"[0.8984541230855558,0.1015458769144441]"
637,0,0.0,"[0.9355347989745432,0.06446520102545686]"
638,0,0.0,"[0.9790045634918768,0.020995436508123345]"
639,0,0.0,"[0.8856755617967509,0.11432443820324907]"
640,1,0.0,"[0.8200332533820295,0.1799667466179706]"
641,0,0.0,"[0.8741605639906824,0.12583943600931755]"
642,0,0.0,"[0.894071841867761,0.10592815813223894]"
643,0,0.0,"[0.8934164940775084,0.10658350592249152]"
644,0,0.0,"[0.9641455763928909,0.035854423607109054]"
645,1,0.0,"[0.7836520726836462,0.21634792731635374]"
646,0,0.0,"[0.9550868857925898,0.0449131142074103]"
647,0,0.0,"[0.8622372851456277,0.13776271485437222]"
648,0,0.0,"[0.9813443950112172,0.018655604988782857]"
649,0,0.0,"[0.8288571286000251,0.17114287139997497]"
650,1,1.0,"[0.33448733490332666,0.6655126650966734]"
651,0,0.0,"[0.9190719652084244,0.08092803479157558]"
652,0,0.0,"[0.9700100834176989,0.0299899165823011]"
653,1,0.0,"[0.8006363236039,0.19936367639609998]"
654,1,0.0,"[0.665991749726489,0.334008250273511]"
655,0,0.0,"[0.7701276511899018,0.22987234881009821]"
656,0,0.0,"[0.83417252467579,0.16582747532420997]"
657,0,0.0,"[0.9485337366203082,0.051466263379691735]"
658,1,0.0,"[0.9178792860274958,0.08212071397250408]"
659,0,0.0,"[0.8677403448717095,0.13225965512829044]"
660,1,1.0,"[0.39073525338138454,0.6092647466186155]"
661,0,0.0,"[0.9558023789887901,0.04419762101120993]"
662,0,0.0,"[0.8570596057932282,0.14294039420677182]"
663,0,0.0,"[0.8924979105125547,0.10750208948744529]"
664,0,0.0,"[0.9549204594008981,0.04507954059910198]"
665,0,0.0,"[0.9125630446789033,0.08743695532109677]"
666,0,0.0,"[0.971455583435782,0.028544416564218092]"
667,0,0.0,"[0.9267272597590177,0.07327274024098226]"
668,0,0.0,"[0.9443612637060167,0.055638736293983415]"
669,1,0.0,"[0.9371800107102815,0.06281998928971859]"
670,0,0.0,"[0.9753840955509697,0.024615904449030352]"
671,0,0.0,"[0.9385172036553169,0.06148279634468311]"
672,0,0.0,"[0.9470818220375371,0.05291817796246292]"
673,0,0.0,"[0.8558415673985446,0.1441584326014554]"
674,0,0.0,"[0.8104023381735562,0.18959766182644383]"
675,0,0.0,"[0.8051487642510157,0.19485123574898433]"
676,0,0.0,"[0.7582801163470778,0.24171988365292213]"
677,0,0.0,"[0.924208955029404,0.07579104497059588]"
678,0,0.0,"[0.9429356551998783,0.0570643448001216]"
679,0,0.0,"[0.9494976230234032,0.05050237697659673]"
680,0,0.0,"[0.5880767154162552,0.4119232845837449]"
681,0,0.0,"[0.8952497829491761,0.10475021705082384]"
682,0,0.0,"[0.870252673894425,0.1297473261055751]"
683,0,0.0,"[0.8612797030286987,0.13872029697130128]"
684,0,0.0,"[0.9408415103646606,0.05915848963533934]"
685,1,0.0,"[0.9156727794271586,0.08432722057284128]"
686,0,0.0,"[0.7419740204379219,0.2580259795620782]"
687,0,0.0,"[0.8756450883912751,0.12435491160872479]"
688,1,0.0,"[0.5819992481014904,0.4180007518985096]"
689,0,0.0,"[0.960990871860825,0.03900912813917491]"
690,1,0.0,"[0.7405344686983636,0.25946553130163647]"
691,0,0.0,"[0.8070648347830646,0.19293516521693532]"
692,0,0.0,"[0.725023397010873,0.2749766029891269]"
693,0,0.0,"[0.7872846156906859,0.21271538430931422]"
694,1,0.0,"[0.9041956837073504,0.0958043162926497]"
695,0,0.0,"[0.9546839668057554,0.045316033194244654]"
696,0,0.0,"[0.9570498515600707,0.04295014843992934]"
697,1,0.0,"[0.7955754818351494,0.20442451816485066]"
698,0,0.0,"[0.9514677227118699,0.04853227728813025]"
699,0,0.0,"[0.8759374650480316,0.1240625349519683]"
700,0,0.0,"[0.7940885441006353,0.20591145589936455]"
701,0,0.0,"[0.5328492900137087,0.46715070998629127]"
702,0,0.0,"[0.8074131632028184,0.19258683679718164]"
703,0,0.0,"[0.820503175016823,0.17949682498317698]"
704,0,0.0,"[0.7438590963080768,0.2561409036919232]"
705,0,0.0,"[0.847668613906078,0.15233138609392213]"
706,0,0.0,"[0.9021945805538052,0.09780541944619481]"
707,0,0.0,"[0.9033651545632586,0.09663484543674132]"
708,1,1.0,"[0.48340293016295555,0.5165970698370446]"
709,0,0.0,"[0.7915773310916926,0.20842266890830743]"
710,0,0.0,"[0.8669208765822336,0.1330791234177664]"
711,0,0.0,"[0.632182759147084,0.367817240852916]"
712,0,0.0,"[0.9601026617942267,0.03989733820577335]"
713,0,0.0,"[0.9648101560348591,0.035189843965140855]"
714,0,0.0,"[0.7906030976702305,0.20939690232976949]"
715,1,0.0,"[0.8664797396538919,0.13352026034610812]"
716,0,0.0,"[0.9390084284104686,0.060991571589531446]"
717,0,0.0,"[0.9052467961355702,0.09475320386442984]"
718,0,0.0,"[0.7368514860880111,0.2631485139119889]"
719,0,0.0,"[0.9072675541475669,0.09273244585243318]"
720,1,0.0,"[0.8497879867860055,0.1502120132139944]"
721,0,0.0,"[0.8997194311017281,0.1002805688982718]"
722,0,0.0,"[0.9617998221174604,0.03820017788253962]"
723,0,0.0,"[0.7055840222981115,0.29441597770188854]"
724,0,0.0,"[0.8730392342432061,0.12696076575679383]"
725,0,0.0,"[0.8536840020691634,0.1463159979308366]"
726,0,0.0,"[0.9893620981693195,0.010637901830680457]"
727,0,0.0,"[0.7077299922775769,0.292270007722423]"
728,0,0.0,"[0.8838212953589089,0.1161787046410912]"
729,1,0.0,"[0.8872741446736059,0.11272585532639408]"
730,0,0.0,"[0.8858852836522132,0.11411471634778675]"
731,0,0.0,"[0.978327235321783,0.02167276467821699]"
732,0,0.0,"[0.7956531791430401,0.2043468208569598]"
733,0,0.0,"[0.8657433307728968,0.1342566692271032]"
734,1,0.0,"[0.769914167321103,0.230085832678897]"
735,0,0.0,"[0.7453896839385991,0.25461031606140105]"
736,0,0.0,"[0.8667993897900717,0.13320061020992843]"
737,0,0.0,"[0.9792256841770002,0.02077431582299988]"
738,0,0.0,"[0.9637324601707828,0.03626753982921716]"
739,0,0.0,"[0.7095104950610804,0.2904895049389197]"
740,0,0.0,"[0.7647242382255192,0.23527576177448087]"
741,0,0.0,"[0.9523778299692714,0.04762217003072861]"
742,0,0.0,"[0.7864833068509319,0.21351669314906804]"
743,0,0.0,"[0.9139734654055952,0.0860265345944047]"
744,0,0.0,"[0.9816236207351877,0.018376379264812177]"
745,0,0.0,"[0.9212431515516054,0.07875684844839456]"
746,1,0.0,"[0.6958301889635147,0.3041698110364854]"
747,0,0.0,"[0.92849973740863,0.07150026259136986]"
748,0,0.0,"[0.8134218177232297,0.1865781822767702]"
749,0,0.0,"[0.85531923593276,0.1446807640672399]"
750,0,0.0,"[0.9568098158921078,0.043190184107892333]"
751,0,0.0,"[0.975403944343353,0.02459605565664709]"
752,0,1.0,"[0.4052712101669537,0.5947287898330463]"
753,0,0.0,"[0.9782168949863743,0.0217831050136258]"
754,1,0.0,"[0.9077718698842798,0.09222813011572005]"
755,0,0.0,"[0.9434193175587066,0.05658068244129342]"
756,0,0.0,"[0.966580273554808,0.03341972644519202]"
757,0,0.0,"[0.9526937260040025,0.04730627399599751]"
758,0,0.0,"[0.8932717897478928,0.10672821025210721]"
759,0,0.0,"[0.8787906382595041,0.12120936174049585]"
760,1,0.0,"[0.7008009745557326,0.2991990254442674]"
761,0,0.0,"[0.964286745134202,0.03571325486579795]"
762,0,0.0,"[0.9554432951900672,0.04455670480993272]"
763,0,0.0,"[0.5811479741674763,0.4188520258325237]"
764,0,0.0,"[0.8917338372801159,0.10826616271988401]"
765,0,0.0,"[0.9212545829771048,0.0787454170228952]"
766,0,1.0,"[0.4607815346360255,0.5392184653639746]"
767,0,0.0,"[0.9694833389395373,0.03051666106046274]"
768,0,0.0,"[0.9556977374299702,0.04430226257002977]"
769,0,0.0,"[0.762856035282183,0.23714396471781699]"
770,0,0.0,"[0.9364444206274843,0.06355557937251567]"
771,0,0.0,"[0.9313111597407894,0.06868884025921067]"
772,0,0.0,"[0.9557506667596278,0.04424933324037224]"
773,0,0.0,"[0.8713651636595862,0.12863483634041376]"
774,0,0.0,"[0.8551305548027486,0.14486944519725142]"
775,0,0.0,"[0.9789170015689185,0.021082998431081464]"
776,0,0.0,"[0.945899544780799,0.05410045521920108]"
777,0,0.0,"[0.7086506722786268,0.29134932772137323]"
778,0,0.0,"[0.864633740852172,0.1353662591478279]"
779,1,0.0,"[0.7943261250490337,0.20567387495096637]"
780,0,0.0,"[0.9534007431720248,0.046599256827975194]"
781,0,0.0,"[0.5668165583195378,0.4331834416804622]"
782,0,0.0,"[0.72927774578113,0.27072225421887]"
783,0,0.0,"[0.8987756290243659,0.10122437097563403]"
784,0,0.0,"[0.9012613892274902,0.09873861077250985]"
785,0,0.0,"[0.7334893426235783,0.2665106573764216]"
786,0,0.0,"[0.9196357544665056,0.08036424553349439]"
787,1,0.0,"[0.7401306894728459,0.2598693105271541]"
788,1,0.0,"[0.54544807624291,0.45455192375709]"
789,0,0.0,"[0.8250194871173523,0.1749805128826477]"
790,0,0.0,"[0.9202932798195376,0.07970672018046239]"
791,0,0.0,"[0.6992305369970728,0.3007694630029272]"
792,0,0.0,"[0.8930718781061625,0.10692812189383746]"
793,0,0.0,"[0.926707158478124,0.0732928415218759]"
794,0,0.0,"[0.9882730316261967,0.011726968373803373]"
795,0,0.0,"[0.8347781567525726,0.16522184324742742]"
796,0,0.0,"[0.9308679537026083,0.06913204629739166]"
797,1,0.0,"[0.711253468847815,0.288746531152185]"
798,1,0.0,"[0.7237175452356326,0.2762824547643674]"
799,0,1.0,"[0.40993920912572845,0.5900607908742715]"
800,0,0.0,"[0.9485892563178807,0.05141074368211941]"
801,0,0.0,"[0.9779453044672237,0.022054695532776232]"
802,1,0.0,"[0.7148108549979496,0.2851891450020504]"
803,0,0.0,"[0.923397245087047,0.07660275491295301]"
804,1,0.0,"[0.6963339011547003,0.30366609884529977]"
805,0,0.0,"[0.9394084522803503,0.06059154771964971]"
806,0,0.0,"[0.9376394979799635,0.062360502020036436]"
807,1,0.0,"[0.6493160621210803,0.35068393787891977]"
808,1,0.0,"[0.6260521638823899,0.37394783611761007]"
809,0,0.0,"[0.9175063430597185,0.08249365694028145]"
810,0,0.0,"[0.5310546875489448,0.4689453124510552]"
811,0,0.0,"[0.9479014907921103,0.05209850920788962]"
812,0,0.0,"[0.961694139484991,0.038305860515008894]"
813,0,0.0,"[0.9157257765083986,0.08427422349160148]"
814,0,0.0,"[0.8607117170426429,0.13928828295735704]"
815,0,0.0,"[0.8418738537222635,0.15812614627773644]"
816,0,0.0,"[0.9468764545417818,0.05312354545821804]"
817,0,0.0,"[0.9280207170320054,0.07197928296799462]"
818,0,0.0,"[0.8805662727520867,0.11943372724791324]"
819,0,0.0,"[0.9051852398870563,0.09481476011294368]"
820,1,0.0,"[0.6427746745073656,0.35722532549263436]"
821,0,0.0,"[0.7635021005478191,0.23649789945218078]"
822,0,0.0,"[0.8821038759760511,0.1178961240239489]"
823,0,0.0,"[0.9040883299203912,0.09591167007960878]"
824,1,0.0,"[0.9031932484090301,0.09680675159096992]"
825,1,0.0,"[0.7100519305292282,0.28994806947077173]"
826,0,0.0,"[0.9422952392562735,0.05770476074372655]"
827,0,0.0,"[0.9189873813155306,0.08101261868446946]"
828,0,0.0,"[0.6859127301481615,0.31408726985183855]"
829,1,0.0,"[0.9395904097831086,0.06040959021689142]"
830,0,0.0,"[0.9545146548746972,0.04548534512530276]"
831,0,0.0,"[0.7451230737759655,0.25487692622403446]"
832,1,0.0,"[0.7528564076838977,0.24714359231610222]"
833,0,0.0,"[0.8513497413708437,0.14865025862915635]"
834,0,0.0,"[0.9755512731776004,0.024448726822399677]"
835,0,0.0,"[0.968862229859033,0.031137770140967046]"
836,0,0.0,"[0.9047907197394467,0.09520928026055334]"
837,0,0.0,"[0.8655962470177233,0.1344037529822766]"
838,1,0.0,"[0.8981206499232293,0.10187935007677076]"
839,0,0.0,"[0.8110505937617024,0.1889494062382976]"
840,0,0.0,"[0.8469895938952533,0.15301040610474667]"
841,0,0.0,"[0.5092208957914033,0.4907791042085968]"
842,0,0.0,"[0.829945720862259,0.17005427913774096]"
843,0,0.0,"[0.9495734425155502,0.0504265574844498]"
844,0,0.0,"[0.9058525807231774,0.09414741927682256]"
845,0,0.0,"[0.8054763692470333,0.19452363075296678]"
846,0,0.0,"[0.9068676053752477,0.09313239462475241]"
847,0,0.0,"[0.8778452643404185,0.1221547356595816]"
848,0,0.0,"[0.810025064028148,0.18997493597185197]"
849,0,0.0,"[0.977096644494452,0.022903355505548048]"
850,0,0.0,"[0.9285705205310474,0.07142947946895262]"
851,0,0.0,"[0.9299216511176378,0.07007834888236225]"
852,1,0.0,"[0.6341686799984453,0.3658313200015547]"
853,0,0.0,"[0.9600135401004152,0.03998645989958477]"
854,0,0.0,"[0.9651874319952729,0.03481256800472708]"
855,0,0.0,"[0.7402247492587487,0.2597752507412513]"
856,0,0.0,"[0.8961904318270661,0.10380956817293388]"
857,1,1.0,"[0.17291648786242836,0.8270835121375717]"
858,0,0.0,"[0.928413438380693,0.07158656161930693]"
859,0,0.0,"[0.990880039880625,0.009119960119374996]"
860,0,0.0,"[0.8707411628899344,0.12925883711006556]"
861,0,0.0,"[0.9695486285206548,0.030451371479345277]"
862,0,0.0,"[0.9652518329712227,0.03474816702877726]"
863,1,0.0,"[0.7823346166690986,0.2176653833309013]"
864,0,0.0,"[0.8850563564146489,0.1149436435853512]"
865,0,0.0,"[0.9194064247255588,0.08059357527444118]"
866,0,0.0,"[0.9166717573032221,0.08332824269677794]"
867,0,0.0,"[0.8613377642444087,0.1386622357555914]"
868,0,0.0,"[0.9059811616991484,0.09401883830085159]"
869,1,0.0,"[0.6359263882985883,0.36407361170141167]"
870,0,0.0,"[0.9154690216886391,0.08453097831136092]"
871,0,0.0,"[0.917256269364636,0.08274373063536401]"
872,0,0.0,"[0.9008873418329983,0.09911265816700159]"
873,0,0.0,"[0.7181263790800062,0.28187362091999385]"
874,0,0.0,"[0.9097948315964968,0.09020516840350327]"
875,0,0.0,"[0.9637870814366403,0.03621291856335963]"
876,0,0.0,"[0.9452488804425396,0.05475111955746039]"
877,1,0.0,"[0.9060252610209958,0.0939747389790042]"
878,1,0.0,"[0.5681164893615694,0.43188351063843056]"
879,0,0.0,"[0.8815102445947929,0.11848975540520704]"
880,0,0.0,"[0.9125660017457173,0.08743399825428279]"
881,0,0.0,"[0.9199664133645434,0.08003358663545657]"
882,0,0.0,"[0.8725245136149438,0.1274754863850562]"
883,0,0.0,"[0.96913877041088,0.030861229589119927]"
884,0,0.0,"[0.9345626007536311,0.065437399246369]"
885,0,0.0,"[0.5750342462370159,0.4249657537629841]"
886,0,0.0,"[0.9554699498296029,0.04453005017039716]"
887,0,0.0,"[0.9470904812753432,0.05290951872465687]"
888,0,0.0,"[0.8205855394224942,0.17941446057750582]"
889,0,0.0,"[0.6207698296423051,0.3792301703576949]"
890,0,0.0,"[0.715982774904271,0.2840172250957291]"
891,0,0.0,"[0.9731361403800344,0.02686385961996562]"
892,1,0.0,"[0.9398780366766608,0.06012196332333911]"
893,0,0.0,"[0.9718806653863976,0.028119334613602383]"
894,0,0.0,"[0.9441323940633317,0.055867605936668216]"
895,1,0.0,"[0.8107124194318335,0.18928758056816652]"
896,1,0.0,"[0.9170903168990819,0.08290968310091816]"
897,1,0.0,"[0.9386958500511559,0.06130414994884408]"
898,0,0.0,"[0.8484021605188711,0.15159783948112893]"
899,0,0.0,"[0.7990006853965166,0.2009993146034834]"
900,0,0.0,"[0.9193735332470546,0.0806264667529454]"
901,0,0.0,"[0.9515138570919093,0.04848614290809062]"
902,0,0.0,"[0.9861403190542745,0.013859680945725626]"
903,1,0.0,"[0.7748968239969662,0.22510317600303378]"
904,0,0.0,"[0.9864245614796169,0.013575438520383216]"
905,0,0.0,"[0.9050453556364282,0.09495464436357189]"
906,0,0.0,"[0.9640434213444162,0.035956578655583875]"
907,0,0.0,"[0.626488865097369,0.373511134902631]"
908,0,0.0,"[0.9379783063873176,0.062021693612682394]"
909,0,0.0,"[0.9245017096913171,0.075498290308683]"
910,0,0.0,"[0.637492464814692,0.36250753518530787]"
911,0,0.0,"[0.8718779902867737,0.1281220097132263]"
912,0,0.0,"[0.963209545333211,0.03679045466678897]"
913,0,0.0,"[0.7546688258754701,0.24533117412452984]"
914,0,0.0,"[0.8799646778390809,0.12003532216091904]"
915,0,0.0,"[0.9097884926801758,0.09021150731982425]"
916,0,0.0,"[0.8432384127082301,0.15676158729176992]"
917,0,0.0,"[0.9385148751341917,0.061485124865808274]"
918,1,0.0,"[0.6862532605448795,0.31374673945512055]"
919,0,0.0,"[0.7846205771946381,0.215379422805362]"
920,1,0.0,"[0.738194818890958,0.26180518110904194]"
921,0,0.0,"[0.8661784593441041,0.13382154065589583]"
922,0,0.0,"[0.8946054646889647,0.10539453531103518]"
923,0,0.0,"[0.9264101598669132,0.07358984013308682]"
924,1,0.0,"[0.7489754134673906,0.2510245865326094]"
925,1,0.0,"[0.6081825099013167,0.3918174900986832]"
926,0,0.0,"[0.9402575677545488,0.05974243224545125]"
927,0,0.0,"[0.7075275988530935,0.29247240114690654]"
928,0,0.0,"[0.9794576050027965,0.020542394997203547]"
929,0,0.0,"[0.9406444134529407,0.05935558654705918]"
930,0,0.0,"[0.8925468470279817,0.10745315297201824]"
931,1,1.0,"[0.47820066243806664,0.5217993375619334]"
932,0,0.0,"[0.682841494259977,0.317158505740023]"
933,0,0.0,"[0.9413106466595995,0.058689353340400506]"
934,0,0.0,"[0.95299191073596,0.04700808926404003]"
935,1,0.0,"[0.7717780242728541,0.22822197572714584]"
936,0,0.0,"[0.7497426055306341,0.250257394469366]"
937,0,0.0,"[0.8686018067201565,0.1313981932798434]"
938,0,0.0,"[0.7356466084130384,0.2643533915869615]"
939,0,0.0,"[0.966457495165985,0.033542504834015024]"
940,0,0.0,"[0.9513982029901771,0.048601797009822936]"
941,0,0.0,"[0.9169652639281844,0.08303473607181557]"
942,0,0.0,"[0.955939760476022,0.04406023952397808]"
943,0,0.0,"[0.8952330350395068,0.10476696496049322]"
944,0,0.0,"[0.874108200257661,0.12589179974233897]"
945,0,0.0,"[0.8905103784754584,0.10948962152454161]"
946,0,0.0,"[0.6263634250404486,0.37363657495955144]"
947,1,0.0,"[0.5474788838377208,0.4525211161622792]"
948,0,0.0,"[0.9330425556920907,0.0669574443079094]"
949,0,0.0,"[0.838279798524968,0.161720201475032]"
950,1,0.0,"[0.891778303418213,0.10822169658178704]"
951,0,0.0,"[0.7671919291441006,0.23280807085589944]"
952,1,0.0,"[0.7534081454560232,0.24659185454397675]"
953,0,0.0,"[0.951998890800839,0.0480011091991609]"
954,0,0.0,"[0.8639399512235415,0.1360600487764585]"
955,0,0.0,"[0.944837505867116,0.05516249413288409]"
956,0,0.0,"[0.965767208392253,0.03423279160774685]"
957,0,0.0,"[0.9781022871206264,0.021897712879373598]"
958,0,0.0,"[0.9248534017996012,0.07514659820039883]"
959,1,0.0,"[0.9205316443544631,0.07946835564553686]"
960,0,0.0,"[0.987596260828816,0.012403739171184008]"
961,1,0.0,"[0.721860228328929,0.27813977167107107]"
962,0,0.0,"[0.9386435340714642,0.061356465928535796]"
963,1,0.0,"[0.8339233876711952,0.16607661232880486]"
964,1,1.0,"[0.3428810420278804,0.6571189579721196]"
965,0,0.0,"[0.8783213666012677,0.1216786333987323]"
966,0,0.0,"[0.7063164815738225,0.29368351842617746]"
967,0,0.0,"[0.7715086683667476,0.22849133163325236]"
968,0,0.0,"[0.8395015886496923,0.16049841135030782]"
969,0,0.0,"[0.8829280083529493,0.11707199164705076]"
970,0,0.0,"[0.6471507521684353,0.35284924783156474]"
971,0,0.0,"[0.948046471548505,0.051953528451495055]"
972,0,0.0,"[0.9490567639371962,0.050943236062803855]"
973,0,0.0,"[0.832889728549241,0.16711027145075896]"
974,1,1.0,"[0.049629201188217016,0.950370798811783]"
975,0,0.0,"[0.8504980961784053,0.14950190382159467]"
976,1,0.0,"[0.9508290858569124,0.04917091414308771]"
977,0,0.0,"[0.9153223277073077,0.08467767229269231]"
978,0,0.0,"[0.7405841859344967,0.2594158140655033]"
979,0,0.0,"[0.8628073119207043,0.13719268807929585]"
980,0,0.0,"[0.9599413026283068,0.04005869737169315]"
981,0,0.0,"[0.9732607948665633,0.02673920513343675]"
982,0,1.0,"[0.35864196788069497,0.641358032119305]"
983,0,0.0,"[0.6246858086444423,0.3753141913555578]"
984,0,0.0,"[0.8894968286372972,0.11050317136270273]"
985,0,0.0,"[0.6941332776452975,0.30586672235470247]"
986,0,0.0,"[0.6874046585059601,0.3125953414940399]"
987,0,0.0,"[0.9028355075890322,0.0971644924109678]"
988,0,0.0,"[0.9205099697751116,0.0794900302248885]"
989,0,0.0,"[0.8312605244092951,0.1687394755907049]"
990,0,0.0,"[0.9409246498505015,0.05907535014949842]"
991,1,0.0,"[0.740936851198093,0.2590631488019069]"
992,0,0.0,"[0.861360031248913,0.1386399687510869]"
993,0,0.0,"[0.9570555122903981,0.042944487709601874]"
994,0,0.0,"[0.9607553119770599,0.03924468802294007]"
995,1,0.0,"[0.9087141550372181,0.09128584496278185]"
996,0,0.0,"[0.9122202485835272,0.0877797514164727]"
997,1,0.0,"[0.833672013225207,0.16632798677479313]"
998,0,0.0,"[0.847251652051501,0.15274834794849906]"
999,1,0.0,"[0.6279909916550219,0.372009008344978]"
1000,0,0.0,"[0.9733663452949276,0.026633654705072337]"
1001,0,0.0,"[0.9081170475844803,0.09188295241551969]"
1002,0,0.0,"[0.9130581565492061,0.08694184345079388]"
1003,0,0.0,"[0.9553333745473055,0.04466662545269446]"
1004,1,0.0,"[0.8079896625905965,0.1920103374094035]"
1005,0,0.0,"[0.9592776922102814,0.040722307789718644]"
1006,0,0.0,"[0.8802578255455833,0.1197421744544166]"
1007,0,0.0,"[0.9227298152312112,0.07727018476878884]"
1008,0,0.0,"[0.9364424149842334,0.06355758501576655]"
1009,0,0.0,"[0.7789575239334404,0.22104247606655952]"
1010,0,0.0,"[0.7614475678096014,0.2385524321903986]"
1011,0,0.0,"[0.9256750721435277,0.0743249278564723]"
1012,0,0.0,"[0.8200466554817358,0.17995334451826414]"
1013,0,1.0,"[0.29965542039066345,0.7003445796093366]"
1014,0,0.0,"[0.9124049084416093,0.08759509155839078]"
1015,0,0.0,"[0.8769175594294437,0.12308244057055623]"
1016,0,0.0,"[0.9825020614822916,0.0174979385177085]"
1017,0,0.0,"[0.912061914550712,0.08793808544928812]"
1018,0,0.0,"[0.9249519178802105,0.07504808211978942]"
1019,0,0.0,"[0.7903351466481752,0.20966485335182486]"
1020,0,0.0,"[0.950562045646187,0.04943795435381303]"
1021,0,0.0,"[0.853164396062155,0.14683560393784503]"
1022,1,0.0,"[0.5111800240930269,0.4888199759069731]"
1023,0,0.0,"[0.727581862053048,0.2724181379469521]"
1024,0,0.0,"[0.8927823380007773,0.10721766199922274]"
1025,0,0.0,"[0.9731612009271315,0.026838799072868534]"
1026,0,0.0,"[0.9249593045695882,0.07504069543041188]"
1027,0,0.0,"[0.9037741370254364,0.09622586297456366]"
1028,0,0.0,"[0.9276791757413891,0.0723208242586109]"
1029,0,0.0,"[0.8450697777650493,0.15493022223495057]"
1030,0,0.0,"[0.9446342029777343,0.05536579702226576]"
1031,0,0.0,"[0.9293435260447485,0.07065647395525154]"
1032,0,0.0,"[0.6388796083936195,0.36112039160638043]"
1033,1,0.0,"[0.8485021605051744,0.1514978394948257]"
1034,0,0.0,"[0.7084146807188798,0.29158531928112014]"
1035,0,0.0,"[0.7120758304113484,0.28792416958865175]"
1036,0,0.0,"[0.9797894773707203,0.020210522629279637]"
1037,1,0.0,"[0.9414243101716036,0.058575689828396345]"
1038,1,0.0,"[0.8031524717400247,0.19684752825997526]"
1039,0,0.0,"[0.9353035425393307,0.06469645746066936]"
1040,0,0.0,"[0.8842867158599989,0.1157132841400012]"
1041,0,0.0,"[0.6426211391448143,0.3573788608551857]"
1042,0,0.0,"[0.9829159112289616,0.01708408877103848]"
1043,1,0.0,"[0.9459674174535989,0.054032582546401135]"
1044,0,0.0,"[0.7342905152065737,0.26570948479342626]"
1045,0,0.0,"[0.8790874649173593,0.12091253508264073]"
1046,0,0.0,"[0.8917531664273592,0.10824683357264085]"
1047,0,0.0,"[0.9031774184612766,0.09682258153872329]"
1048,0,0.0,"[0.8561483812986095,0.1438516187013905]"
1049,0,0.0,"[0.766915032215149,0.2330849677848509]"
1050,1,0.0,"[0.8634670298874391,0.1365329701125609]"
1051,0,0.0,"[0.9721858310249345,0.027814168975065525]"
1052,0,0.0,"[0.9377171534260634,0.06228284657393645]"
1053,1,0.0,"[0.9027741227049875,0.0972258772950125]"
1054,0,0.0,"[0.981396747171461,0.018603252828538988]"
1055,0,0.0,"[0.9059434289235729,0.09405657107642713]"
1056,0,0.0,"[0.7310942883135759,0.26890571168642413]"
1057,0,0.0,"[0.7757249789080404,0.22427502109195957]"
1058,0,0.0,"[0.9613033851007607,0.03869661489923929]"
1059,0,0.0,"[0.6228137771125853,0.3771862228874146]"
1060,0,0.0,"[0.8599951214346381,0.140004878565362]"
1061,0,0.0,"[0.7823575017975357,0.2176424982024643]"
1062,0,0.0,"[0.9269245756813469,0.07307542431865309]"
1063,0,0.0,"[0.7847985671609443,0.2152014328390556]"
1064,0,0.0,"[0.8782774283243774,0.12172257167562259]"
1065,0,0.0,"[0.8253731823919431,0.17462681760805682]"
1066,0,0.0,"[0.9175601173261304,0.08243988267386959]"
1067,0,0.0,"[0.8769989343015847,0.12300106569841528]"
1068,0,0.0,"[0.8838819948979808,0.11611800510201922]"
1069,0,0.0,"[0.8459168663975438,0.15408313360245626]"
1070,0,0.0,"[0.9223909856268658,0.07760901437313411]"
1071,1,0.0,"[0.8833775983817053,0.11662240161829476]"
1072,0,0.0,"[0.7221863971179463,0.27781360288205365]"
1073,1,1.0,"[0.16554747669938488,0.8344525233006151]"
1074,0,0.0,"[0.9326968019239286,0.06730319807607153]"
1075,0,0.0,"[0.8811431381587255,0.11885686184127447]"
1076,0,0.0,"[0.9587659095609253,0.04123409043907468]"
1077,0,0.0,"[0.8950079813074847,0.10499201869251536]"
1078,1,0.0,"[0.7310794463164222,0.2689205536835778]"
1079,0,0.0,"[0.9503537250895675,0.049646274910432456]"
1080,0,0.0,"[0.8181083896361112,0.1818916103638887]"
1081,0,0.0,"[0.9229725927635563,0.07702740723644372]"
1082,0,0.0,"[0.9743314118583859,0.02566858814161419]"
1083,0,0.0,"[0.9621800974803545,0.03781990251964563]"
1084,0,0.0,"[0.5814852647458433,0.4185147352541567]"
1085,0,0.0,"[0.9620345372355967,0.03796546276440335]"
1086,0,0.0,"[0.8042847275749678,0.19571527242503214]"
1087,0,0.0,"[0.9302936385988255,0.06970636140117437]"
1088,1,0.0,"[0.7697889635589884,0.23021103644101154]"
1089,0,0.0,"[0.9709726178776477,0.029027382122352296]"
1090,0,0.0,"[0.9509150448276114,0.04908495517238872]"
1091,0,0.0,"[0.8882217589096972,0.11177824109030274]"
1092,0,1.0,"[0.42160230500396095,0.578397694996039]"
1093,0,0.0,"[0.9189571304678625,0.08104286953213732]"
1094,0,0.0,"[0.8879643167649572,0.11203568323504265]"
1095,0,0.0,"[0.7411054035483169,0.2588945964516831]"
1096,0,0.0,"[0.946751415243213,0.05324858475678697]"
1097,0,0.0,"[0.9359236943023657,0.06407630569763441]"
1098,0,0.0,"[0.9041469041516876,0.09585309584831231]"
1099,0,0.0,"[0.9460862073257725,0.05391379267422745]"
1100,0,0.0,"[0.7389100438168421,0.2610899561831579]"
1101,0,0.0,"[0.8513336866853405,0.14866631331465957]"
1102,0,0.0,"[0.8702532139174277,0.12974678608257234]"
1103,0,0.0,"[0.8727038427489372,0.1272961572510627]"
1104,1,0.0,"[0.91654384301215,0.08345615698785006]"
1105,0,0.0,"[0.9214779871059514,0.07852201289404856]"
1106,0,0.0,"[0.9699909821546395,0.0300090178453606]"
1107,0,0.0,"[0.9696253458307145,0.030374654169285416]"
1108,0,0.0,"[0.7105531570648955,0.2894468429351044]"
1109,0,0.0,"[0.9326740788171437,0.06732592118285635]"
1110,0,0.0,"[0.9506964876780971,0.04930351232190276]"
1111,0,0.0,"[0.90772962494433,0.09227037505566998]"
1112,0,0.0,"[0.979916593516825,0.020083406483175054]"
1113,0,0.0,"[0.8326347655454369,0.16736523445456314]"
1114,0,1.0,"[0.4863667087875427,0.5136332912124574]"
1115,0,0.0,"[0.9455243993478518,0.0544756006521482]"
1116,0,0.0,"[0.8809168636582209,0.11908313634177904]"
1117,0,0.0,"[0.7791922085997876,0.22080779140021242]"
1118,0,0.0,"[0.9599117059659714,0.040088294034028575]"
1119,0,0.0,"[0.8609777893959544,0.1390222106040456]"
1120,0,0.0,"[0.9234435542577089,0.0765564457422912]"
1121,0,0.0,"[0.8327364069577979,0.167263593042202]"
1122,0,0.0,"[0.8377315728404998,0.16226842715950013]"
1123,0,0.0,"[0.9612341476511065,0.038765852348893376]"
1124,0,0.0,"[0.9535057608370052,0.046494239162994735]"
1125,0,0.0,"[0.9191183380516896,0.08088166194831042]"
1126,0,0.0,"[0.9706523559053168,0.029347644094683125]"
1127,0,0.0,"[0.8785197715782572,0.12148022842174283]"
1128,0,0.0,"[0.6544223256918623,0.34557767430813774]"
1129,0,0.0,"[0.907585396908746,0.09241460309125396]"
1130,0,0.0,"[0.8246057115619284,0.17539428843807164]"
1131,0,0.0,"[0.8270065592945093,0.17299344070549066]"
1132,1,0.0,"[0.8302780782955884,0.16972192170441164]"
1133,0,0.0,"[0.7686891530683612,0.23131084693163873]"
1134,0,0.0,"[0.629373528191048,0.370626471808952]"
1135,0,0.0,"[0.8479195973372616,0.15208040266273842]"
1136,0,0.0,"[0.8398467948733184,0.16015320512668174]"
1137,0,0.0,"[0.8364634839492202,0.1635365160507799]"
1138,1,0.0,"[0.9398469793456115,0.06015302065438859]"
1139,0,0.0,"[0.9942703288946766,0.0057296711053235585]"
1140,0,0.0,"[0.902195720372323,0.09780427962767703]"
1141,0,0.0,"[0.8897564177062232,0.11024358229377673]"
1142,0,0.0,"[0.9362946871331318,0.0637053128668682]"
1143,1,0.0,"[0.5580599526200866,0.44194004737991344]"
1144,0,0.0,"[0.8624287660304232,0.13757123396957688]"
1145,0,0.0,"[0.9906692366884131,0.009330763311586868]"
1146,0,0.0,"[0.8444820451656823,0.1555179548343177]"
1147,0,0.0,"[0.9498324915625151,0.05016750843748488]"
1148,0,0.0,"[0.9282312503974762,0.07176874960252369]"
1149,0,0.0,"[0.9655638848383857,0.03443611516161422]"
1150,0,0.0,"[0.8366203040705031,0.16337969592949692]"
1151,0,0.0,"[0.9443964018719523,0.05560359812804768]"
1152,0,0.0,"[0.8862938147732933,0.11370618522670665]"
1153,0,0.0,"[0.7035783372361915,0.2964216627638086]"
1154,0,0.0,"[0.8441538957566656,0.1558461042433345]"
1155,1,0.0,"[0.895422350655919,0.10457764934408091]"
1156,1,1.0,"[0.3029457098907526,0.6970542901092474]"
1157,0,0.0,"[0.8876114499638041,0.11238855003619577]"
1158,0,0.0,"[0.8672110969304405,0.13278890306955948]"
1159,1,0.0,"[0.6828847188279362,0.3171152811720637]"
1160,0,0.0,"[0.9428662260802252,0.05713377391977478]"
1161,0,0.0,"[0.7763165183667211,0.22368348163327886]"
1162,0,0.0,"[0.9080163444859625,0.09198365551403748]"
1163,0,0.0,"[0.957661980366086,0.04233801963391415]"
1164,0,0.0,"[0.881363418733964,0.11863658126603603]"
1165,0,0.0,"[0.9735138173080572,0.02648618269194294]"
1166,0,0.0,"[0.6718349579654591,0.3281650420345408]"
1167,0,0.0,"[0.8857019704837393,0.11429802951626071]"
1168,0,0.0,"[0.7806644942389617,0.21933550576103836]"
1169,1,0.0,"[0.9628474565895134,0.03715254341048661]"
1170,0,0.0,"[0.9480683065175148,0.051931693482485136]"
1171,0,0.0,"[0.9702413671174097,0.02975863288259035]"
1172,0,0.0,"[0.9696042731921977,0.03039572680780233]"
1173,0,0.0,"[0.9325937035122802,0.06740629648771974]"
1174,1,0.0,"[0.7089476514518406,0.2910523485481594]"
1175,0,0.0,"[0.8282864534196942,0.1717135465803059]"
1176,0,0.0,"[0.7698812020907096,0.2301187979092903]"
1177,0,0.0,"[0.8835481949067104,0.1164518050932896]"
1178,0,0.0,"[0.8950003504099509,0.10499964959004915]"
1179,0,0.0,"[0.8567853318355573,0.1432146681644428]"
1180,1,0.0,"[0.6093759795403384,0.3906240204596616]"
1181,0,0.0,"[0.713771298233633,0.286228701766367]"
1182,0,0.0,"[0.9003770838393225,0.09962291616067762]"
1183,0,0.0,"[0.96486513397843,0.03513486602157002]"
1184,0,0.0,"[0.9518372257810072,0.04816277421899281]"
1185,0,0.0,"[0.933986902424647,0.06601309757535306]"
1186,0,0.0,"[0.893986991568876,0.10601300843112406]"
1187,0,0.0,"[0.9385026338623172,0.06149736613768281]"
1188,0,0.0,"[0.9131414262999539,0.08685857370004603]"
1189,0,0.0,"[0.9709111629783825,0.02908883702161748]"
1190,0,0.0,"[0.5127739283207607,0.48722607167923926]"
1191,0,0.0,"[0.889886095248893,0.11011390475110704]"
1192,0,0.0,"[0.9103422032114162,0.08965779678858374]"
1193,0,0.0,"[0.9488102070437667,0.051189792956233285]"
1194,0,0.0,"[0.6197479075844958,0.38025209241550423]"
1195,0,0.0,"[0.8832633485826299,0.1167366514173701]"
1196,0,0.0,"[0.8976428524391455,0.10235714756085444]"
1197,0,0.0,"[0.9402299675647507,0.05977003243524938]"
1198,0,0.0,"[0.9203892952001881,0.07961070479981201]"
1199,0,0.0,"[0.9551552608637731,0.04484473913622688]"
1200,0,0.0,"[0.8090931870800104,0.19090681291998954]"
1201,0,0.0,"[0.9120631800055362,0.08793681999446373]"
1202,0,0.0,"[0.854911355005354,0.14508864499464613]"
1203,0,0.0,"[0.8008434782192967,0.19915652178070334]"
1204,1,0.0,"[0.8718078675029909,0.12819213249700906]"
1205,0,0.0,"[0.535731437818824,0.46426856218117596]"
1206,0,0.0,"[0.9141814177834746,0.08581858221652534]"
1207,0,0.0,"[0.8897251957561593,0.11027480424384078]"
1208,0,0.0,"[0.9523471611237946,0.04765283887620546]"
1209,0,0.0,"[0.8374447354859713,0.1625552645140287]"
1210,0,0.0,"[0.9593771032018193,0.04062289679818071]"
1211,0,1.0,"[0.4874512023462146,0.5125487976537855]"
1212,0,0.0,"[0.891489383851925,0.10851061614807501]"
1213,0,0.0,"[0.7051507859411562,0.29484921405884373]"
1214,0,0.0,"[0.7127621280246513,0.2872378719753487]"
1215,0,0.0,"[0.9886991973664285,0.011300802633571342]"
1216,0,0.0,"[0.9207421660460288,0.07925783395397121]"
1217,0,0.0,"[0.5364091298414847,0.46359087015851524]"
1218,0,0.0,"[0.686964748736809,0.31303525126319093]"
1219,0,0.0,"[0.9740202126924411,0.025979787307558892]"
1220,0,0.0,"[0.9187140220265819,0.08128597797341802]"
1221,0,0.0,"[0.9359542929703557,0.06404570702964432]"
1222,0,0.0,"[0.8941221031272379,0.10587789687276195]"
1223,0,0.0,"[0.8887216697890629,0.11127833021093707]"
1224,0,0.0,"[0.8570658368786244,0.1429341631213757]"
1225,0,0.0,"[0.8518215810086297,0.14817841899137024]"
1226,0,0.0,"[0.808147244263926,0.19185275573607405]"
1227,0,0.0,"[0.8301030953478394,0.16989690465216054]"
1228,0,0.0,"[0.9165574784244089,0.08344252157559108]"
1229,1,0.0,"[0.5307749876003519,0.46922501239964803]"
1230,0,0.0,"[0.89930791445082,0.10069208554918006]"
1231,0,0.0,"[0.8061318174449693,0.19386818255503066]"
1232,0,0.0,"[0.7548787319008278,0.2451212680991723]"
1233,0,0.0,"[0.981008737109239,0.018991262890761043]"
1234,0,0.0,"[0.7928015178532231,0.20719848214677683]"
1235,1,0.0,"[0.8724137151075242,0.12758628489247573]"
1236,0,0.0,"[0.8650534643230896,0.13494653567691034]"
1237,0,0.0,"[0.9053874104777702,0.09461258952222976]"
1238,0,0.0,"[0.806487498817387,0.193512501182613]"
1239,1,0.0,"[0.81650436568633,0.18349563431367]"
1240,0,0.0,"[0.9113357184889553,0.08866428151104461]"
1241,0,0.0,"[0.8686413544486875,0.13135864555131244]"
1242,0,0.0,"[0.909622635078088,0.09037736492191199]"
1243,1,0.0,"[0.7115327330605209,0.28846726693947916]"
1244,1,0.0,"[0.8772889466318889,0.122711053368111]"
1245,0,0.0,"[0.9765968842062843,0.023403115793715706]"
1246,0,0.0,"[0.9122320536876511,0.08776794631234877]"
1247,0,0.0,"[0.872481285650901,0.12751871434909912]"
1248,0,0.0,"[0.7755284363152548,0.22447156368474527]"
1249,0,0.0,"[0.8049932650525506,0.19500673494744933]"
1250,0,0.0,"[0.6725474509572806,0.32745254904271937]"
1251,0,0.0,"[0.9205346022141851,0.07946539778581484]"
1252,0,0.0,"[0.8003298313956662,0.1996701686043338]"
1253,0,0.0,"[0.9707881442302633,0.029211855769736752]"
1254,0,0.0,"[0.8948321485854346,0.10516785141456537]"
1255,0,0.0,"[0.9818333256533863,0.018166674346613742]"
1256,0,0.0,"[0.6944551309899885,0.3055448690100116]"
1257,0,0.0,"[0.9642407488437111,0.03575925115628892]"
1258,0,0.0,"[0.880854044247945,0.11914595575205507]"
1259,1,0.0,"[0.9464788452453136,0.05352115475468639]"
1260,0,0.0,"[0.9703287758683099,0.029671224131690106]"
1261,0,0.0,"[0.8228101028069083,0.17718989719309164]"
1262,0,0.0,"[0.9366754589772612,0.0633245410227387]"
1263,0,0.0,"[0.9176298394820614,0.08237016051793845]"
1264,1,0.0,"[0.9652813163045098,0.034718683695490284]"
1265,0,0.0,"[0.9529315571268141,0.04706844287318584]"
1266,1,0.0,"[0.7472601194084489,0.252739880591551]"
1267,0,0.0,"[0.8254569298102505,0.17454307018974943]"
1268,0,0.0,"[0.7593311116546597,0.24066888834534028]"
1269,0,0.0,"[0.6564487637880002,0.34355123621199973]"
1270,0,0.0,"[0.9595865818933931,0.040413418106606834]"
1271,0,0.0,"[0.7695735800211443,0.23042641997885582]"
1272,0,0.0,"[0.8820604840276629,0.11793951597233711]"
1273,0,0.0,"[0.8870904957643969,0.11290950423560317]"
1274,0,0.0,"[0.9525033882158913,0.04749661178410865]"
1275,0,0.0,"[0.9423057378817706,0.057694262118229415]"
1276,0,0.0,"[0.8923339259749992,0.10766607402500086]"
1277,0,0.0,"[0.9807486575521673,0.019251342447832775]"
1278,0,0.0,"[0.8296897658495103,0.1703102341504898]"
1279,0,0.0,"[0.9460662573550046,0.0539337426449954]"
1280,0,0.0,"[0.6319086272505342,0.36809137274946585]"
1281,0,0.0,"[0.9287377467255685,0.07126225327443143]"
1282,0,0.0,"[0.9416517620972524,0.058348237902747575]"
1283,0,0.0,"[0.8431243242503657,0.15687567574963443]"
1284,0,0.0,"[0.8955181843168845,0.10448181568311564]"
1285,0,0.0,"[0.9362427455359664,0.06375725446403363]"
1286,0,0.0,"[0.9914213050343553,0.00857869496564478]"
1287,0,0.0,"[0.9287424005811065,0.07125759941889352]"
1288,0,0.0,"[0.8814787897019326,0.11852121029806736]"
1289,0,0.0,"[0.6523073073558631,0.34769269264413694]"
1290,0,0.0,"[0.9252099920447017,0.0747900079552983]"
1291,1,0.0,"[0.8182921844852664,0.1817078155147336]"
1292,0,0.0,"[0.9517305460121722,0.048269453987827754]"
1293,0,0.0,"[0.9372144700940367,0.06278552990596331]"
1294,0,0.0,"[0.9882424250369986,0.011757574963001408]"
1295,1,0.0,"[0.7573946139682967,0.24260538603170342]"
1296,0,0.0,"[0.9680926763905169,0.03190732360948319]"
1297,0,0.0,"[0.9308352351440857,0.06916476485591436]"
1298,0,1.0,"[0.471585565168048,0.528414434831952]"
1299,0,0.0,"[0.9246857426453163,0.07531425735468364]"
1300,0,0.0,"[0.8604921088941888,0.13950789110581105]"
1301,0,0.0,"[0.9872210045176166,0.012778995482383298]"
1302,0,0.0,"[0.9799658943646673,0.020034105635332585]"
1303,1,0.0,"[0.9307375513497804,0.06926244865021951]"
1304,0,0.0,"[0.899357149997283,0.10064285000271704]"
1305,1,0.0,"[0.6079664946629623,0.3920335053370378]"
1306,0,0.0,"[0.7712944816758235,0.22870551832417643]"
1307,1,0.0,"[0.6762166105691089,0.32378338943089113]"
1308,0,0.0,"[0.9555589196974369,0.04444108030256308]"
1309,0,0.0,"[0.942155155991933,0.05784484400806703]"
1310,1,0.0,"[0.7421388065345228,0.25786119346547726]"
1311,0,0.0,"[0.5074541639759157,0.4925458360240843]"
1312,0,0.0,"[0.7857817132753135,0.2142182867246864]"
1313,0,0.0,"[0.9795789979900612,0.020421002009938818]"
1314,0,0.0,"[0.9210830515081809,0.07891694849181909]"
1315,0,0.0,"[0.8511160516592107,0.1488839483407893]"
1316,0,0.0,"[0.9114724380683584,0.08852756193164155]"
1317,1,0.0,"[0.8099173994592112,0.1900826005407888]"
1318,0,0.0,"[0.8904626886549336,0.10953731134506638]"
1319,0,0.0,"[0.9712574728206901,0.028742527179309824]"
1320,0,0.0,"[0.8219455015875472,0.17805449841245277]"
1321,0,0.0,"[0.951741878433948,0.048258121566052116]"
1322,0,0.0,"[0.8911071595529724,0.10889284044702756]"
1323,0,0.0,"[0.9385584475927459,0.061441552407254144]"
1324,0,0.0,"[0.9704269111013998,0.029573088898600212]"
1325,1,0.0,"[0.8378756571739885,0.16212434282601154]"
1326,0,0.0,"[0.9019561454643389,0.09804385453566121]"
1327,0,0.0,"[0.9041373863496878,0.09586261365031216]"
1328,0,0.0,"[0.9327540770782476,0.06724592292175242]"
1329,0,0.0,"[0.6638155174711288,0.3361844825288713]"
1330,0,0.0,"[0.8795515336827208,0.12044846631727917]"
1331,0,0.0,"[0.9063211422334427,0.09367885776655732]"
1332,0,0.0,"[0.6759552994206653,0.3240447005793347]"
1333,0,0.0,"[0.9254799819719347,0.07452001802806534]"
1334,0,0.0,"[0.8292230476837736,0.17077695231622636]"
1335,0,0.0,"[0.9547067079406668,0.04529329205933318]"
1336,0,0.0,"[0.862462190937652,0.1375378090623481]"
1337,0,1.0,"[0.3090160033127013,0.6909839966872988]"
1338,0,0.0,"[0.8350150444503195,0.1649849555496805]"
1339,0,0.0,"[0.9613441946350274,0.03865580536497265]"
1340,0,0.0,"[0.9840378869072686,0.015962113092731527]"
1341,0,0.0,"[0.7094634860526451,0.29053651394735497]"
1342,0,0.0,"[0.9081360859970048,0.09186391400299515]"
1343,1,0.0,"[0.9879362988427487,0.012063701157251352]"
1344,0,0.0,"[0.8756147277606678,0.12438527223933225]"
1345,1,0.0,"[0.9082203464517654,0.09177965354823447]"
1346,0,0.0,"[0.9929700059831554,0.007029994016844462]"
1347,0,0.0,"[0.8789088963758596,0.12109110362414044]"
1348,0,0.0,"[0.9801312614086416,0.019868738591358417]"
1349,0,0.0,"[0.9324195186449051,0.06758048135509485]"
1350,0,0.0,"[0.8794747334997705,0.12052526650022947]"
1351,0,0.0,"[0.7549110391970852,0.24508896080291473]"
1352,0,0.0,"[0.9400414658677811,0.05995853413221873]"
1353,0,0.0,"[0.9268887123882306,0.07311128761176941]"
1354,1,1.0,"[0.4439027899854797,0.5560972100145203]"
1355,0,0.0,"[0.8554108562380207,0.14458914376197923]"
1356,0,0.0,"[0.9440735175597468,0.055926482440253195]"
1357,0,0.0,"[0.9770718871774994,0.022928112822500717]"
1358,0,0.0,"[0.530227840594889,0.4697721594051109]"
1359,1,1.0,"[0.49827760561806067,0.5017223943819393]"
1360,0,0.0,"[0.9597615445953,0.040238455404699974]"
1361,0,0.0,"[0.8759164568387356,0.12408354316126434]"
1362,0,0.0,"[0.9304864969517352,0.06951350304826479]"
1363,0,0.0,"[0.89464593349629,0.10535406650371004]"
1364,0,0.0,"[0.9488616860854515,0.05113831391454845]"
1365,0,0.0,"[0.6046839496283373,0.39531605037166273]"
1366,0,0.0,"[0.6127199630049743,0.38728003699502556]"
1367,0,0.0,"[0.6164771889778671,0.383522811022133]"
1368,0,0.0,"[0.7492596546748591,0.2507403453251409]"
1369,0,0.0,"[0.8680617200562931,0.13193827994370697]"
1370,0,0.0,"[0.7949619005258496,0.20503809947415041]"
1371,0,0.0,"[0.9414914740993332,0.05850852590066674]"
1372,0,0.0,"[0.9310314831735516,0.06896851682644854]"
1373,0,0.0,"[0.9536459205656005,0.04635407943439956]"
1374,0,0.0,"[0.9083793478664516,0.0916206521335485]"
1375,0,0.0,"[0.5298786256791048,0.47012137432089524]"
1376,0,0.0,"[0.9365482034121287,0.06345179658787121]"
1377,1,1.0,"[0.3514986543263492,0.6485013456736508]"
1378,0,0.0,"[0.8979890409213622,0.10201095907863783]"
1379,0,0.0,"[0.9388064162059906,0.06119358379400929]"
1380,0,0.0,"[0.9941364982609254,0.005863501739074618]"
1381,0,0.0,"[0.969818019945846,0.030181980054154088]"
1382,0,0.0,"[0.7784484499737125,0.22155155002628746]"
1383,0,0.0,"[0.9298862606790234,0.07011373932097666]"
1384,0,0.0,"[0.9092397394317626,0.09076026056823741]"
1385,0,0.0,"[0.8362850988539127,0.16371490114608733]"
1386,0,0.0,"[0.9329342646033144,0.06706573539668562]"
1387,0,0.0,"[0.954382272024626,0.04561772797537393]"
1388,1,0.0,"[0.842023247215681,0.157976752784319]"
1389,0,0.0,"[0.8855734672966653,0.11442653270333462]"
1390,0,0.0,"[0.921412169722248,0.07858783027775193]"
1391,0,0.0,"[0.9575731984919507,0.042426801508049325]"
1392,0,0.0,"[0.8709381827271084,0.12906181727289148]"
1393,0,0.0,"[0.9262387921337574,0.07376120786624256]"
1394,0,0.0,"[0.7634571103750968,0.2365428896249032]"
1395,0,0.0,"[0.805564566494717,0.19443543350528303]"
1396,0,0.0,"[0.9930889192409867,0.006911080759013289]"
1397,0,0.0,"[0.788444109264481,0.21155589073551895]"
1398,0,0.0,"[0.9427468529782898,0.057253147021710304]"
1399,0,0.0,"[0.9192129450218455,0.08078705497815465]"
1400,0,0.0,"[0.9257139101221726,0.07428608987782737]"
1401,0,0.0,"[0.7590119667920242,0.24098803320797585]"
1402,1,0.0,"[0.7352843281256647,0.2647156718743353]"
1403,0,0.0,"[0.7257895348214677,0.2742104651785323]"
1404,1,0.0,"[0.7135116397578855,0.28648836024211455]"
1405,0,0.0,"[0.9407064143174552,0.0592935856825448]"
1406,0,0.0,"[0.8971668514244494,0.10283314857555054]"
1407,1,0.0,"[0.7106339839395469,0.289366016060453]"
1408,0,0.0,"[0.8993546838089064,0.10064531619109353]"
1409,0,0.0,"[0.8776504171613402,0.12234958283865988]"
1410,0,0.0,"[0.906690012617218,0.09330998738278208]"
1411,1,1.0,"[0.49371696775159424,0.5062830322484057]"
1412,0,0.0,"[0.9861217270006939,0.013878272999306085]"
1413,0,0.0,"[0.9252549730372983,0.0747450269627017]"
1414,0,0.0,"[0.9586199551677556,0.04138004483224449]"
1415,0,0.0,"[0.9549522601564182,0.04504773984358169]"
1416,0,0.0,"[0.9088347274881119,0.09116527251188813]"
1417,0,0.0,"[0.7748929565284649,0.2251070434715351]"
1418,0,0.0,"[0.6535372886014766,0.34646271139852336]"
1419,0,0.0,"[0.9522400984744814,0.04775990152551857]"
1420,0,0.0,"[0.6769323377995511,0.32306766220044897]"
1421,0,0.0,"[0.5745801575012879,0.4254198424987121]"
1422,0,0.0,"[0.8818624208531732,0.1181375791468267]"
1423,0,0.0,"[0.8060500001185888,0.19394999988141126]"
1424,0,0.0,"[0.9249164742298501,0.07508352577014987]"
1425,0,0.0,"[0.8654818369186817,0.13451816308131825]"
1426,0,0.0,"[0.9631520820855004,0.03684791791449966]"
1427,0,0.0,"[0.8549942928211391,0.14500570717886077]"
1428,0,0.0,"[0.9655626808540884,0.03443731914591157]"
1429,0,0.0,"[0.9489626417734985,0.051037358226501364]"
1430,0,0.0,"[0.9181282569683811,0.08187174303161888]"
1431,0,0.0,"[0.7013183364415789,0.2986816635584211]"
1432,0,0.0,"[0.7919320487187894,0.20806795128121058]"
1433,0,0.0,"[0.970118603120472,0.029881396879527924]"
1434,0,0.0,"[0.9461439592436638,0.05385604075633618]"
1435,0,0.0,"[0.7100418736888967,0.28995812631110335]"
1436,0,0.0,"[0.8656445850820624,0.1343554149179376]"
1437,0,0.0,"[0.9707001802959337,0.029299819704066237]"
1438,0,0.0,"[0.6292276674577889,0.3707723325422111]"
1439,1,0.0,"[0.7525713424408348,0.24742865755916518]"
1440,1,0.0,"[0.8738153606192123,0.12618463938078767]"
1441,0,0.0,"[0.8739326513161987,0.12606734868380123]"
1442,0,0.0,"[0.9820658425841037,0.017934157415896382]"
1443,1,0.0,"[0.6716445190723889,0.3283554809276112]"
1444,0,0.0,"[0.8898988570344204,0.11010114296557956]"
1445,1,0.0,"[0.8420038188492008,0.15799618115079914]"
1446,0,0.0,"[0.8675399042961203,0.13246009570387973]"
1447,0,0.0,"[0.887231783080571,0.11276821691942894]"
1448,0,0.0,"[0.9084226879970733,0.09157731200292664]"
1449,0,0.0,"[0.9487580119596435,0.05124198804035649]"
1450,0,0.0,"[0.7919068709541254,0.20809312904587468]"
1451,0,0.0,"[0.8943910854173914,0.10560891458260853]"
1452,0,0.0,"[0.9231753361046251,0.07682466389537485]"
1453,0,0.0,"[0.8088743830270977,0.19112561697290234]"
1454,0,0.0,"[0.9881906326966847,0.011809367303315214]"
1455,1,0.0,"[0.7950150437992327,0.20498495620076732]"
1456,0,0.0,"[0.7151246759418384,0.2848753240581616]"
1457,0,1.0,"[0.3614859683916493,0.6385140316083506]"
1458,0,0.0,"[0.7874795828594214,0.2125204171405785]"
1459,0,0.0,"[0.9185389378070509,0.08146106219294913]"
1460,0,0.0,"[0.831741363981498,0.16825863601850197]"
1461,0,0.0,"[0.8795123355956727,0.12048766440432729]"
1462,0,0.0,"[0.8766848382356046,0.12331516176439553]"
1463,0,0.0,"[0.9449542361159173,0.055045763884082555]"
1464,0,0.0,"[0.9737910546935159,0.026208945306484047]"
1465,1,0.0,"[0.6767946881509486,0.3232053118490514]"
1466,0,0.0,"[0.9712144363543601,0.028785563645640024]"
1467,0,0.0,"[0.9113094296858307,0.08869057031416934]"
1468,0,0.0,"[0.9379087799871568,0.062091220012843305]"
1469,0,0.0,"[0.8914190308698948,0.10858096913010512]"
1470,1,0.0,"[0.6522312630409963,0.3477687369590037]"
1471,0,0.0,"[0.9088044946389944,0.09119550536100574]"
1472,0,0.0,"[0.9845907987957463,0.015409201204253844]"
1473,0,0.0,"[0.9320381250156383,0.06796187498436168]"
1474,0,0.0,"[0.8536456688742953,0.14635433112570484]"
1475,0,0.0,"[0.8420681387838801,0.15793186121612]"
1476,1,0.0,"[0.7367062490027954,0.26329375099720465]"
1477,0,0.0,"[0.8733925705695141,0.12660742943048592]"
1478,0,0.0,"[0.950422179053183,0.04957782094681698]"
1479,0,0.0,"[0.8633664896630691,0.13663351033693089]"
1480,0,0.0,"[0.9898851226512319,0.010114877348768224]"
1481,0,0.0,"[0.9800280235674719,0.019971976432528054]"
1482,0,0.0,"[0.9048362494413293,0.09516375055867068]"
1483,0,0.0,"[0.9269662005315938,0.07303379946840617]"
1484,0,0.0,"[0.7622945119537651,0.2377054880462349]"
1485,0,0.0,"[0.8656352046481692,0.1343647953518307]"
1486,0,0.0,"[0.9698926052116699,0.030107394788330168]"
1487,0,0.0,"[0.5510913131329339,0.4489086868670661]"
1488,0,0.0,"[0.9552164799711556,0.04478352002884444]"
1489,0,0.0,"[0.9336486113827429,0.0663513886172572]"
1490,0,0.0,"[0.890685509281799,0.10931449071820096]"
1491,0,0.0,"[0.9350831161332179,0.06491688386678199]"
1492,1,0.0,"[0.7735340214771572,0.22646597852284284]"
1493,0,0.0,"[0.9024840770198103,0.09751592298018975]"
1494,0,0.0,"[0.9451853257823188,0.05481467421768122]"
1495,0,0.0,"[0.8659496216375397,0.13405037836246037]"
1496,0,0.0,"[0.9275223971969142,0.07247760280308568]"
1497,0,0.0,"[0.8473987411173507,0.15260125888264925]"
1498,0,0.0,"[0.5257544402436181,0.47424555975638183]"
1499,1,0.0,"[0.5016787684315696,0.4983212315684304]"
1500,0,0.0,"[0.9400983445341945,0.05990165546580555]"
1501,0,0.0,"[0.9447799903733521,0.055220009626647776]"
1502,0,0.0,"[0.8751512305490514,0.12484876945094851]"
1503,0,0.0,"[0.9004797946157199,0.09952020538428008]"
1504,1,1.0,"[0.49425877396906365,0.5057412260309364]"
1505,0,0.0,"[0.553975023413647,0.446024976586353]"
1506,0,0.0,"[0.7482351238917145,0.25176487610828535]"
1507,0,0.0,"[0.9052796449897781,0.09472035501022183]"
1508,0,0.0,"[0.9606425571749988,0.03935744282500128]"
1509,0,0.0,"[0.8032147829548614,0.19678521704513863]"
1510,0,0.0,"[0.9134442929472095,0.08655570705279056]"
1511,0,0.0,"[0.8728690799952803,0.12713092000471965]"
1512,0,0.0,"[0.9716649976045102,0.028335002395489806]"
1513,0,0.0,"[0.9633350277315459,0.03666497226845407]"
1514,0,0.0,"[0.9542597135157915,0.045740286484208456]"
1515,0,0.0,"[0.9076599854669585,0.0923400145330414]"
1516,0,0.0,"[0.7834095060810883,0.21659049391891164]"
1517,0,0.0,"[0.8902777504793496,0.10972224952065038]"
1518,0,0.0,"[0.8153000004015988,0.18469999959840125]"
1519,0,0.0,"[0.8638770658407476,0.13612293415925233]"
1520,0,0.0,"[0.8088737128022089,0.1911262871977911]"
1521,0,0.0,"[0.6877951199081781,0.31220488009182185]"
1522,0,0.0,"[0.8562893795254484,0.1437106204745517]"
1523,1,0.0,"[0.5679852169665635,0.4320147830334365]"
1524,0,0.0,"[0.923987341391864,0.07601265860813598]"
1525,0,0.0,"[0.9457203449456718,0.05427965505432827]"
1526,0,0.0,"[0.9540650509722324,0.04593494902776763]"
1527,0,0.0,"[0.877657564915424,0.1223424350845761]"
1528,1,1.0,"[0.4663149604040503,0.5336850395959497]"
1529,1,0.0,"[0.5773610954047192,0.42263890459528075]"
1530,0,0.0,"[0.9200959467452895,0.07990405325471053]"
1531,0,0.0,"[0.809642333903372,0.19035766609662796]"
1532,0,0.0,"[0.7441514284289911,0.25584857157100904]"
1533,0,0.0,"[0.8129350792163925,0.1870649207836074]"
1534,0,0.0,"[0.9250481263183639,0.0749518736816362]"
1535,0,0.0,"[0.8424661842868156,0.15753381571318442]"
1536,0,0.0,"[0.6244061475026922,0.3755938524973078]"
1537,0,0.0,"[0.8137371801859284,0.18626281981407153]"
1538,0,0.0,"[0.9134378424249987,0.08656215757500134]"
1539,0,0.0,"[0.9340518899716999,0.06594811002830012]"
1540,0,0.0,"[0.9924411988987116,0.007558801101288444]"
1541,0,0.0,"[0.9506930979309828,0.04930690206901723]"
1542,0,0.0,"[0.9634274322244929,0.0365725677755072]"
1543,0,0.0,"[0.8659173833872988,0.13408261661270113]"
1544,0,0.0,"[0.9282148385816724,0.07178516141832755]"
1545,0,0.0,"[0.9506303989166499,0.049369601083350236]"
1546,0,0.0,"[0.8992818337217536,0.1007181662782463]"
1547,0,0.0,"[0.8586668007243733,0.1413331992756267]"
1548,0,0.0,"[0.9611843877275232,0.03881561227247677]"
1549,0,0.0,"[0.939773996208618,0.06022600379138202]"
1550,0,0.0,"[0.8854185434668103,0.1145814565331898]"
1551,0,0.0,"[0.786122981970873,0.21387701802912695]"
1552,0,0.0,"[0.7581435525452113,0.2418564474547887]"
1553,0,0.0,"[0.9267519771050182,0.07324802289498172]"
1554,0,0.0,"[0.9708822347978586,0.029117765202141488]"
1555,0,0.0,"[0.9168130998164188,0.08318690018358124]"
1556,0,0.0,"[0.9239987856360498,0.07600121436395031]"
1557,1,0.0,"[0.7005984946755077,0.29940150532449233]"
1558,0,0.0,"[0.9233283558131573,0.07667164418684262]"
1559,0,0.0,"[0.9797707257529995,0.020229274247000512]"
1560,0,0.0,"[0.9697982602340428,0.030201739765957233]"
1561,0,0.0,"[0.6883588382902882,0.3116411617097118]"
1562,1,0.0,"[0.9089711546608802,0.09102884533911985]"
1563,0,0.0,"[0.9696913307685684,0.03030866923143162]"
1564,0,0.0,"[0.7212042438076222,0.27879575619237784]"
1565,1,1.0,"[0.30537936677809996,0.6946206332219]"
1566,0,0.0,"[0.7738080981956894,0.22619190180431062]"
1567,0,0.0,"[0.9556830092936199,0.04431699070637999]"
1568,0,0.0,"[0.9627116571246415,0.037288342875358566]"
1569,0,0.0,"[0.7894573286797961,0.210542671320204]"
1570,0,0.0,"[0.7830089091450732,0.2169910908549268]"
1571,0,0.0,"[0.9271261436780432,0.07287385632195681]"
1572,0,0.0,"[0.9609483083188775,0.03905169168112248]"
1573,0,0.0,"[0.9418942430212097,0.058105756978790266]"
1574,0,0.0,"[0.9584700067862092,0.04152999321379081]"
1575,0,0.0,"[0.9369670551161912,0.06303294488380884]"
1576,0,0.0,"[0.9692450657935453,0.03075493420645467]"
1577,0,0.0,"[0.8466593365693784,0.1533406634306215]"
1578,0,0.0,"[0.8469830133381079,0.15301698666189215]"
1579,0,0.0,"[0.9234680566391735,0.07653194336082647]"
1580,0,0.0,"[0.9500078135846769,0.049992186415323006]"
1581,1,0.0,"[0.6196793125352892,0.3803206874647108]"
1582,0,0.0,"[0.8845757370830184,0.11542426291698167]"
1583,0,0.0,"[0.7998588701814784,0.20014112981852156]"
1584,1,0.0,"[0.9523396408646136,0.04766035913538637]"
1585,1,0.0,"[0.5168496308889001,0.4831503691110999]"
1586,1,1.0,"[0.1879656691601055,0.8120343308398946]"
1587,0,0.0,"[0.7420162311296582,0.25798376887034175]"
1588,1,0.0,"[0.8497744654792346,0.15022553452076537]"
1589,0,0.0,"[0.9680239232427733,0.03197607675722672]"
1590,0,0.0,"[0.9601833476446753,0.03981665235532473]"
1591,1,0.0,"[0.7180347402046693,0.2819652597953307]"
1592,0,0.0,"[0.93853180784286,0.06146819215713991]"
1593,0,0.0,"[0.8962168304443956,0.10378316955560436]"
1594,0,0.0,"[0.8755180079260432,0.1244819920739568]"
1595,0,0.0,"[0.8251105980572984,0.1748894019427016]"
1596,0,0.0,"[0.9195295806205462,0.08047041937945372]"
1597,0,0.0,"[0.5390270121057763,0.4609729878942237]"
1598,0,0.0,"[0.9270639141280425,0.07293608587195749]"
1599,0,0.0,"[0.8986439838755164,0.10135601612448368]"
1600,0,0.0,"[0.9168374034250196,0.08316259657498029]"
1601,0,0.0,"[0.7679110774964423,0.2320889225035577]"
1602,0,0.0,"[0.9626077745106028,0.03739222548939734]"
1603,0,0.0,"[0.9487888674060168,0.05121113259398335]"
1604,1,0.0,"[0.8946063284911862,0.10539367150881379]"
1605,0,0.0,"[0.8728860974823149,0.12711390251768498]"
1606,1,0.0,"[0.8484384801306387,0.1515615198693612]"
1607,0,0.0,"[0.661624333780573,0.338375666219427]"
1608,0,0.0,"[0.7178970839814125,0.28210291601858756]"
1609,0,0.0,"[0.8283706765813253,0.1716293234186746]"
1610,1,0.0,"[0.5273012972606427,0.4726987027393574]"
1611,0,0.0,"[0.8710282432266575,0.12897175677334252]"
1612,0,0.0,"[0.6919996600662621,0.30800033993373793]"
1613,0,0.0,"[0.9706937358446259,0.029306264155374132]"
1614,0,0.0,"[0.6771190563175675,0.3228809436824324]"
1615,1,0.0,"[0.9438190509337209,0.05618094906627903]"
1616,0,0.0,"[0.9619656882572664,0.03803431174273371]"
1617,0,0.0,"[0.6367026717403305,0.3632973282596696]"
1618,0,0.0,"[0.9807555086989836,0.01924449130101637]"
1619,0,0.0,"[0.8288455907461919,0.17115440925380812]"
1620,1,0.0,"[0.9064772578634277,0.09352274213657238]"
1621,0,0.0,"[0.9657653151702346,0.03423468482976542]"
1622,0,0.0,"[0.9633260954527632,0.036673904547236805]"
1623,0,0.0,"[0.8268388439705309,0.17316115602946916]"
1624,0,0.0,"[0.8970175146186549,0.10298248538134512]"
1625,0,0.0,"[0.9136579569450602,0.08634204305493974]"
1626,1,0.0,"[0.5800873466508242,0.4199126533491758]"
1627,0,0.0,"[0.9635128746555904,0.03648712534440953]"
1628,0,0.0,"[0.9241679381201242,0.07583206187987586]"
1629,0,0.0,"[0.9926439743399816,0.007356025660018351]"
1630,0,0.0,"[0.9226325918974696,0.07736740810253039]"
1631,0,0.0,"[0.9578225936993094,0.042177406300690494]"
1632,0,0.0,"[0.8883586458564141,0.11164135414358585]"
1633,0,0.0,"[0.9518764552168695,0.04812354478313042]"
1634,0,0.0,"[0.9651127364016571,0.03488726359834284]"
1635,0,0.0,"[0.6642193070420567,0.3357806929579434]"
1636,0,0.0,"[0.9880400468345935,0.01195995316540649]"
1637,0,0.0,"[0.8582158262544486,0.1417841737455514]"
1638,0,0.0,"[0.9720676802331829,0.027932319766817135]"
1639,0,0.0,"[0.9027522010564459,0.09724779894355405]"
1640,0,0.0,"[0.7357480255211122,0.2642519744788878]"
1641,0,0.0,"[0.9650533654616889,0.03494663453831118]"
1642,0,0.0,"[0.9520553314736957,0.047944668526304385]"
1643,0,0.0,"[0.8999602459902859,0.10003975400971417]"
1644,0,0.0,"[0.9619400267228985,0.03805997327710159]"
1645,0,0.0,"[0.7370637424478457,0.2629362575521544]"
1646,0,0.0,"[0.8592961965118199,0.14070380348818007]"
1647,1,0.0,"[0.5774344910293867,0.42256550897061324]"
1648,0,0.0,"[0.9844710625305796,0.015528937469420415]"
1649,0,0.0,"[0.7039319344043503,0.2960680655956497]"
1650,0,0.0,"[0.8822039520760361,0.11779604792396388]"
1651,0,0.0,"[0.9211656870765592,0.07883431292344077]"
1652,0,0.0,"[0.8482552453950335,0.15174475460496642]"
1653,0,0.0,"[0.6446993508296394,0.3553006491703606]"
1654,0,0.0,"[0.9596794592038103,0.0403205407961897]"
1655,0,0.0,"[0.8069946432626866,0.19300535673731342]"
1656,0,0.0,"[0.9412695146829048,0.05873048531709528]"
1657,1,0.0,"[0.7732674468291246,0.22673255317087537]"
1658,1,0.0,"[0.6094865757840058,0.3905134242159942]"
1659,0,0.0,"[0.9212389687086298,0.07876103129137026]"
1660,0,0.0,"[0.8670454650980491,0.1329545349019509]"
1661,0,0.0,"[0.9541622154448773,0.04583778455512266]"
1662,0,0.0,"[0.8264671908817025,0.17353280911829752]"
1663,1,0.0,"[0.5648077317062044,0.4351922682937956]"
1664,0,0.0,"[0.9247107749476756,0.07528922505232447]"
1665,0,0.0,"[0.9553929445297789,0.04460705547022115]"
1666,0,0.0,"[0.9918040433004001,0.008195956699599995]"
